{"event": "training_block_complete", "life": 2, "query": "reward", "phase": "B", "method": "CONT", "transitions": 23082, "episodes": 64, "updates": 2757105}
{"event": "training_block_complete", "life": 3, "query": "reward", "phase": "B", "method": "CONT", "transitions": 23337, "episodes": 64, "updates": 2751823}
{"event": "training_block_complete", "life": 1, "query": "reward", "phase": "B", "method": "CONT", "transitions": 25203, "episodes": 64, "updates": 2776399}
{"event": "training_block_complete", "life": 0, "query": "reward", "phase": "B", "method": "CONT", "transitions": 25250, "episodes": 64, "updates": 2737909}
{"event": "training_block_complete", "life": 2, "query": "reward", "phase": "B", "method": "CONT", "transitions": 46637, "episodes": 128, "updates": 2780660}
{"event": "training_block_complete", "life": 1, "query": "reward", "phase": "B", "method": "CONT", "transitions": 50123, "episodes": 128, "updates": 2801319}
{"event": "training_block_complete", "life": 0, "query": "reward", "phase": "B", "method": "CONT", "transitions": 48885, "episodes": 128, "updates": 2761544}
{"event": "training_block_complete", "life": 3, "query": "reward", "phase": "B", "method": "CONT", "transitions": 50486, "episodes": 128, "updates": 2778970}
{"event": "training_block_complete", "life": 2, "query": "reward", "phase": "B", "method": "CONT", "transitions": 72460, "episodes": 192, "updates": 2806483}
{"event": "training_block_complete", "life": 1, "query": "reward", "phase": "B", "method": "CONT", "transitions": 76777, "episodes": 192, "updates": 2827973}
{"event": "training_block_complete", "life": 0, "query": "reward", "phase": "B", "method": "CONT", "transitions": 75168, "episodes": 192, "updates": 2787827}
{"event": "training_block_complete", "life": 3, "query": "reward", "phase": "B", "method": "CONT", "transitions": 77617, "episodes": 192, "updates": 2806100}
{"event": "training_block_complete", "life": 2, "query": "reward", "phase": "B", "method": "CONT", "transitions": 97224, "episodes": 256, "updates": 2831246}
{"event": "training_block_complete", "life": 1, "query": "reward", "phase": "B", "method": "CONT", "transitions": 100917, "episodes": 256, "updates": 2852113}
{"event": "training_block_complete", "life": 3, "query": "reward", "phase": "B", "method": "CONT", "transitions": 102824, "episodes": 256, "updates": 2831306}
{"event": "training_block_complete", "life": 0, "query": "reward", "phase": "B", "method": "CONT", "transitions": 100916, "episodes": 256, "updates": 2813574}
{"event": "training_block_complete", "life": 2, "query": "reward", "phase": "B", "method": "CONT", "transitions": 124860, "episodes": 320, "updates": 2858882}
{"event": "training_block_complete", "life": 1, "query": "reward", "phase": "B", "method": "CONT", "transitions": 127771, "episodes": 320, "updates": 2878965}
{"event": "training_block_complete", "life": 3, "query": "reward", "phase": "B", "method": "CONT", "transitions": 128943, "episodes": 320, "updates": 2857424}
{"event": "training_block_complete", "life": 0, "query": "reward", "phase": "B", "method": "CONT", "transitions": 126915, "episodes": 320, "updates": 2839572}
{"event": "training_block_complete", "life": 2, "query": "reward", "phase": "B", "method": "CONT", "transitions": 151769, "episodes": 384, "updates": 2885790}
{"event": "training_block_complete", "life": 1, "query": "reward", "phase": "B", "method": "CONT", "transitions": 153520, "episodes": 384, "updates": 2904713}
{"event": "training_block_complete", "life": 0, "query": "reward", "phase": "B", "method": "CONT", "transitions": 154496, "episodes": 384, "updates": 2867152}
{"event": "training_block_complete", "life": 3, "query": "reward", "phase": "B", "method": "CONT", "transitions": 157158, "episodes": 384, "updates": 2885638}
{"event": "training_block_complete", "life": 2, "query": "reward", "phase": "B", "method": "CONT", "transitions": 177945, "episodes": 448, "updates": 2911965}
{"event": "training_block_complete", "life": 1, "query": "reward", "phase": "B", "method": "CONT", "transitions": 178601, "episodes": 448, "updates": 2929794}
{"event": "training_block_complete", "life": 0, "query": "reward", "phase": "B", "method": "CONT", "transitions": 179554, "episodes": 448, "updates": 2892210}
{"event": "training_block_complete", "life": 3, "query": "reward", "phase": "B", "method": "CONT", "transitions": 183595, "episodes": 448, "updates": 2912075}
{"event": "training_block_complete", "life": 1, "query": "reward", "phase": "B", "method": "CONT", "transitions": 205376, "episodes": 512, "updates": 2956566}
{"event": "training_block_complete", "life": 2, "query": "reward", "phase": "B", "method": "CONT", "transitions": 205879, "episodes": 512, "updates": 2939898}
{"event": "training_block_complete", "life": 0, "query": "reward", "phase": "B", "method": "CONT", "transitions": 204848, "episodes": 512, "updates": 2917502}
{"event": "training_block_complete", "life": 3, "query": "reward", "phase": "B", "method": "CONT", "transitions": 209657, "episodes": 512, "updates": 2938137}
{"event": "training_block_complete", "life": 1, "query": "reward", "phase": "B", "method": "CONT", "transitions": 232062, "episodes": 576, "updates": 2983250}
{"event": "training_block_complete", "life": 2, "query": "reward", "phase": "B", "method": "CONT", "transitions": 234352, "episodes": 576, "updates": 2968370}
{"event": "training_block_complete", "life": 0, "query": "reward", "phase": "B", "method": "CONT", "transitions": 232429, "episodes": 576, "updates": 2945082}
{"event": "training_block_complete", "life": 3, "query": "reward", "phase": "B", "method": "CONT", "transitions": 235402, "episodes": 576, "updates": 2963882}
{"event": "training_block_complete", "life": 1, "query": "reward", "phase": "B", "method": "CONT", "transitions": 260519, "episodes": 640, "updates": 3011706}
{"event": "training_block_complete", "life": 2, "query": "reward", "phase": "B", "method": "CONT", "transitions": 260616, "episodes": 640, "updates": 2994634}
{"event": "training_block_complete", "life": 0, "query": "reward", "phase": "B", "method": "CONT", "transitions": 261394, "episodes": 640, "updates": 2974045}
{"event": "training_block_complete", "life": 3, "query": "reward", "phase": "B", "method": "CONT", "transitions": 265118, "episodes": 640, "updates": 2993598}
{"event": "training_block_complete", "life": 2, "query": "reward", "phase": "B", "method": "CONT", "transitions": 287024, "episodes": 704, "updates": 3021042}
{"event": "training_block_complete", "life": 1, "query": "reward", "phase": "B", "method": "CONT", "transitions": 289438, "episodes": 704, "updates": 3040623}
{"event": "training_block_complete", "life": 0, "query": "reward", "phase": "B", "method": "CONT", "transitions": 286834, "episodes": 704, "updates": 2999484}
{"event": "training_block_complete", "life": 3, "query": "reward", "phase": "B", "method": "CONT", "transitions": 290406, "episodes": 704, "updates": 3018886}
{"event": "training_block_complete", "life": 2, "query": "reward", "phase": "B", "method": "CONT", "transitions": 313087, "episodes": 768, "updates": 3047104}
{"event": "training_block_complete", "life": 1, "query": "reward", "phase": "B", "method": "CONT", "transitions": 317250, "episodes": 768, "updates": 3068434}
{"event": "training_block_complete", "life": 0, "query": "reward", "phase": "B", "method": "CONT", "transitions": 315705, "episodes": 768, "updates": 3028354}
{"event": "training_block_complete", "life": 3, "query": "reward", "phase": "B", "method": "CONT", "transitions": 318309, "episodes": 768, "updates": 3046789}
{"event": "training_block_complete", "life": 2, "query": "reward", "phase": "B", "method": "CONT", "transitions": 342361, "episodes": 832, "updates": 3076376}
{"event": "training_block_complete", "life": 1, "query": "reward", "phase": "B", "method": "CONT", "transitions": 345036, "episodes": 832, "updates": 3096218}
{"event": "training_block_complete", "life": 0, "query": "reward", "phase": "B", "method": "CONT", "transitions": 342901, "episodes": 832, "updates": 3055548}
{"event": "training_block_complete", "life": 3, "query": "reward", "phase": "B", "method": "CONT", "transitions": 348116, "episodes": 832, "updates": 3076596}
{"event": "training_block_complete", "life": 2, "query": "reward", "phase": "B", "method": "CONT", "transitions": 372720, "episodes": 896, "updates": 3106729}
{"event": "training_block_complete", "life": 1, "query": "reward", "phase": "B", "method": "CONT", "transitions": 374193, "episodes": 896, "updates": 3125375}
{"event": "training_block_complete", "life": 0, "query": "reward", "phase": "B", "method": "CONT", "transitions": 373352, "episodes": 896, "updates": 3085998}
{"event": "training_block_complete", "life": 3, "query": "reward", "phase": "B", "method": "CONT", "transitions": 375960, "episodes": 896, "updates": 3104438}
{"event": "training_block_complete", "life": 2, "query": "reward", "phase": "B", "method": "CONT", "transitions": 400819, "episodes": 960, "updates": 3134827}
{"event": "training_block_complete", "life": 1, "query": "reward", "phase": "B", "method": "CONT", "transitions": 403038, "episodes": 960, "updates": 3154220}
{"event": "training_block_complete", "life": 3, "query": "reward", "phase": "B", "method": "CONT", "transitions": 404682, "episodes": 960, "updates": 3133159}
{"event": "training_block_complete", "life": 0, "query": "reward", "phase": "B", "method": "CONT", "transitions": 402844, "episodes": 960, "updates": 3115489}
{"event": "training_block_complete", "life": 1, "query": "reward", "phase": "B", "method": "CONT", "transitions": 432323, "episodes": 1024, "updates": 3183504}
{"event": "training_block_complete", "life": 2, "query": "reward", "phase": "B", "method": "CONT", "transitions": 430739, "episodes": 1024, "updates": 3164746}
{"event": "training_block_complete", "life": 0, "query": "reward", "phase": "B", "method": "CONT", "transitions": 432986, "episodes": 1024, "updates": 3145630}
{"event": "training_block_complete", "life": 3, "query": "reward", "phase": "B", "method": "CONT", "transitions": 432708, "episodes": 1024, "updates": 3161185}
{"event": "training_block_complete", "life": 1, "query": "reward", "phase": "B", "method": "CONT", "transitions": 460467, "episodes": 1088, "updates": 3211648}
{"event": "training_block_complete", "life": 2, "query": "reward", "phase": "B", "method": "CONT", "transitions": 459714, "episodes": 1088, "updates": 3193721}
{"event": "training_block_complete", "life": 3, "query": "reward", "phase": "B", "method": "CONT", "transitions": 461767, "episodes": 1088, "updates": 3190242}
{"event": "training_block_complete", "life": 0, "query": "reward", "phase": "B", "method": "CONT", "transitions": 464756, "episodes": 1088, "updates": 3177400}
{"event": "training_block_complete", "life": 1, "query": "reward", "phase": "B", "method": "CONT", "transitions": 489720, "episodes": 1152, "updates": 3240901}
{"event": "training_block_complete", "life": 2, "query": "reward", "phase": "B", "method": "CONT", "transitions": 487201, "episodes": 1152, "updates": 3221207}
{"event": "training_block_complete", "life": 0, "query": "reward", "phase": "B", "method": "CONT", "transitions": 493816, "episodes": 1152, "updates": 3206459}
{"event": "training_block_complete", "life": 3, "query": "reward", "phase": "B", "method": "CONT", "transitions": 493988, "episodes": 1152, "updates": 3222462}
{"event": "training_block_complete", "life": 1, "query": "reward", "phase": "B", "method": "CONT", "transitions": 520325, "episodes": 1216, "updates": 3271505}
{"event": "training_block_complete", "life": 2, "query": "reward", "phase": "B", "method": "CONT", "transitions": 515895, "episodes": 1216, "updates": 3249899}
{"event": "training_block_complete", "life": 1, "query": "reward", "phase": "B", "method": "CONT", "transitions": 524288, "episodes": 1224, "updates": 3275467}
{"event": "training_block_complete", "life": 3, "query": "reward", "phase": "B", "method": "CONT", "transitions": 521158, "episodes": 1216, "updates": 3249631}
{"event": "training_block_complete", "life": 2, "query": "reward", "phase": "B", "method": "CONT", "transitions": 524288, "episodes": 1238, "updates": 3258291}
{"event": "training_block_complete", "life": 0, "query": "reward", "phase": "B", "method": "CONT", "transitions": 524288, "episodes": 1214, "updates": 3236928}
{"event": "training_block_complete", "life": 3, "query": "reward", "phase": "B", "method": "CONT", "transitions": 524288, "episodes": 1222, "updates": 3252759}
{"event": "training_block_complete", "life": 1, "query": "reward", "phase": "B", "method": "DELAY", "transitions": 26695, "episodes": 64, "updates": 2777756}
{"event": "training_block_complete", "life": 0, "query": "reward", "phase": "B", "method": "DELAY", "transitions": 23742, "episodes": 64, "updates": 2736211}
{"event": "training_block_complete", "life": 2, "query": "reward", "phase": "B", "method": "DELAY", "transitions": 22989, "episodes": 64, "updates": 2756871}
{"event": "training_block_complete", "life": 3, "query": "reward", "phase": "B", "method": "DELAY", "transitions": 25798, "episodes": 64, "updates": 2754150}
{"event": "training_block_complete", "life": 1, "query": "reward", "phase": "B", "method": "DELAY", "transitions": 53027, "episodes": 128, "updates": 2804059}
{"event": "training_block_complete", "life": 2, "query": "reward", "phase": "B", "method": "DELAY", "transitions": 47726, "episodes": 128, "updates": 2781575}
{"event": "training_block_complete", "life": 0, "query": "reward", "phase": "B", "method": "DELAY", "transitions": 50077, "episodes": 128, "updates": 2762579}
{"event": "training_block_complete", "life": 3, "query": "reward", "phase": "B", "method": "DELAY", "transitions": 49840, "episodes": 128, "updates": 2778150}
{"event": "training_block_complete", "life": 1, "query": "reward", "phase": "B", "method": "DELAY", "transitions": 79790, "episodes": 192, "updates": 2830811}
{"event": "training_block_complete", "life": 2, "query": "reward", "phase": "B", "method": "DELAY", "transitions": 71435, "episodes": 192, "updates": 2805317}
{"event": "training_block_complete", "life": 0, "query": "reward", "phase": "B", "method": "DELAY", "transitions": 75532, "episodes": 192, "updates": 2788051}
{"event": "training_block_complete", "life": 3, "query": "reward", "phase": "B", "method": "DELAY", "transitions": 75553, "episodes": 192, "updates": 2803878}
{"event": "training_block_complete", "life": 1, "query": "reward", "phase": "B", "method": "DELAY", "transitions": 103862, "episodes": 256, "updates": 2854875}
{"event": "training_block_complete", "life": 2, "query": "reward", "phase": "B", "method": "DELAY", "transitions": 96635, "episodes": 256, "updates": 2830468}
{"event": "training_block_complete", "life": 0, "query": "reward", "phase": "B", "method": "DELAY", "transitions": 100360, "episodes": 256, "updates": 2812883}
{"event": "training_block_complete", "life": 3, "query": "reward", "phase": "B", "method": "DELAY", "transitions": 100255, "episodes": 256, "updates": 2828582}
{"event": "training_block_complete", "life": 1, "query": "reward", "phase": "B", "method": "DELAY", "transitions": 128974, "episodes": 320, "updates": 2880026}
{"event": "training_block_complete", "life": 2, "query": "reward", "phase": "B", "method": "DELAY", "transitions": 121269, "episodes": 320, "updates": 2855108}
{"event": "training_block_complete", "life": 0, "query": "reward", "phase": "B", "method": "DELAY", "transitions": 127010, "episodes": 320, "updates": 2839507}
{"event": "training_block_complete", "life": 3, "query": "reward", "phase": "B", "method": "DELAY", "transitions": 127425, "episodes": 320, "updates": 2855782}
{"event": "training_block_complete", "life": 1, "query": "reward", "phase": "B", "method": "DELAY", "transitions": 155869, "episodes": 384, "updates": 2906905}
{"event": "training_block_complete", "life": 2, "query": "reward", "phase": "B", "method": "DELAY", "transitions": 148319, "episodes": 384, "updates": 2882179}
{"event": "training_block_complete", "life": 3, "query": "reward", "phase": "B", "method": "DELAY", "transitions": 151440, "episodes": 384, "updates": 2879782}
{"event": "training_block_complete", "life": 0, "query": "reward", "phase": "B", "method": "DELAY", "transitions": 155501, "episodes": 384, "updates": 2867985}
{"event": "training_block_complete", "life": 1, "query": "reward", "phase": "B", "method": "DELAY", "transitions": 184365, "episodes": 448, "updates": 2935384}
{"event": "training_block_complete", "life": 2, "query": "reward", "phase": "B", "method": "DELAY", "transitions": 175492, "episodes": 448, "updates": 2909379}
{"event": "training_block_complete", "life": 0, "query": "reward", "phase": "B", "method": "DELAY", "transitions": 180001, "episodes": 448, "updates": 2892496}
{"event": "training_block_complete", "life": 3, "query": "reward", "phase": "B", "method": "DELAY", "transitions": 179619, "episodes": 448, "updates": 2907942}
{"event": "training_block_complete", "life": 2, "query": "reward", "phase": "B", "method": "DELAY", "transitions": 203201, "episodes": 512, "updates": 2937090}
{"event": "training_block_complete", "life": 1, "query": "reward", "phase": "B", "method": "DELAY", "transitions": 212944, "episodes": 512, "updates": 2963992}
{"event": "training_block_complete", "life": 0, "query": "reward", "phase": "B", "method": "DELAY", "transitions": 207933, "episodes": 512, "updates": 2920398}
{"event": "training_block_complete", "life": 3, "query": "reward", "phase": "B", "method": "DELAY", "transitions": 204840, "episodes": 512, "updates": 2933157}
{"event": "training_block_complete", "life": 0, "query": "reward", "phase": "B", "method": "DELAY", "transitions": 233318, "episodes": 576, "updates": 2945806}
{"event": "training_block_complete", "life": 2, "query": "reward", "phase": "B", "method": "DELAY", "transitions": 230491, "episodes": 576, "updates": 2964353}
{"event": "training_block_complete", "life": 1, "query": "reward", "phase": "B", "method": "DELAY", "transitions": 240816, "episodes": 576, "updates": 2991832}
{"event": "training_block_complete", "life": 3, "query": "reward", "phase": "B", "method": "DELAY", "transitions": 232393, "episodes": 576, "updates": 2960740}
{"event": "training_block_complete", "life": 0, "query": "reward", "phase": "B", "method": "DELAY", "transitions": 261349, "episodes": 640, "updates": 2973838}
{"event": "training_block_complete", "life": 1, "query": "reward", "phase": "B", "method": "DELAY", "transitions": 269887, "episodes": 640, "updates": 3020887}
{"event": "training_block_complete", "life": 3, "query": "reward", "phase": "B", "method": "DELAY", "transitions": 259312, "episodes": 640, "updates": 2987619}
{"event": "training_block_complete", "life": 2, "query": "reward", "phase": "B", "method": "DELAY", "transitions": 259540, "episodes": 640, "updates": 2993409}
{"event": "training_block_complete", "life": 0, "query": "reward", "phase": "B", "method": "DELAY", "transitions": 288607, "episodes": 704, "updates": 3001102}
{"event": "training_block_complete", "life": 2, "query": "reward", "phase": "B", "method": "DELAY", "transitions": 284773, "episodes": 704, "updates": 3018624}
{"event": "training_block_complete", "life": 3, "query": "reward", "phase": "B", "method": "DELAY", "transitions": 288266, "episodes": 704, "updates": 3016609}
{"event": "training_block_complete", "life": 1, "query": "reward", "phase": "B", "method": "DELAY", "transitions": 299477, "episodes": 704, "updates": 3050517}
{"event": "training_block_complete", "life": 0, "query": "reward", "phase": "B", "method": "DELAY", "transitions": 316685, "episodes": 768, "updates": 3029197}
{"event": "training_block_complete", "life": 1, "query": "reward", "phase": "B", "method": "DELAY", "transitions": 327072, "episodes": 768, "updates": 3078101}
{"event": "training_block_complete", "life": 2, "query": "reward", "phase": "B", "method": "DELAY", "transitions": 312958, "episodes": 768, "updates": 3046783}
{"event": "training_block_complete", "life": 3, "query": "reward", "phase": "B", "method": "DELAY", "transitions": 318531, "episodes": 768, "updates": 3046878}
{"event": "training_block_complete", "life": 0, "query": "reward", "phase": "B", "method": "DELAY", "transitions": 342679, "episodes": 832, "updates": 3055181}
{"event": "training_block_complete", "life": 1, "query": "reward", "phase": "B", "method": "DELAY", "transitions": 356425, "episodes": 832, "updates": 3107476}
{"event": "training_block_complete", "life": 3, "query": "reward", "phase": "B", "method": "DELAY", "transitions": 345455, "episodes": 832, "updates": 3073757}
{"event": "training_block_complete", "life": 2, "query": "reward", "phase": "B", "method": "DELAY", "transitions": 342402, "episodes": 832, "updates": 3076286}
{"event": "training_block_complete", "life": 0, "query": "reward", "phase": "B", "method": "DELAY", "transitions": 373182, "episodes": 896, "updates": 3085644}
{"event": "training_block_complete", "life": 1, "query": "reward", "phase": "B", "method": "DELAY", "transitions": 384281, "episodes": 896, "updates": 3135315}
{"event": "training_block_complete", "life": 3, "query": "reward", "phase": "B", "method": "DELAY", "transitions": 376112, "episodes": 896, "updates": 3104412}
{"event": "training_block_complete", "life": 2, "query": "reward", "phase": "B", "method": "DELAY", "transitions": 371703, "episodes": 896, "updates": 3105534}
{"event": "training_block_complete", "life": 0, "query": "reward", "phase": "B", "method": "DELAY", "transitions": 401058, "episodes": 960, "updates": 3113548}
{"event": "training_block_complete", "life": 1, "query": "reward", "phase": "B", "method": "DELAY", "transitions": 416063, "episodes": 960, "updates": 3167056}
{"event": "training_block_complete", "life": 3, "query": "reward", "phase": "B", "method": "DELAY", "transitions": 403676, "episodes": 960, "updates": 3131996}
{"event": "training_block_complete", "life": 2, "query": "reward", "phase": "B", "method": "DELAY", "transitions": 400579, "episodes": 960, "updates": 3134461}
{"event": "training_block_complete", "life": 0, "query": "reward", "phase": "B", "method": "DELAY", "transitions": 428529, "episodes": 1024, "updates": 3141004}
{"event": "training_block_complete", "life": 2, "query": "reward", "phase": "B", "method": "DELAY", "transitions": 426946, "episodes": 1024, "updates": 3160829}
{"event": "training_block_complete", "life": 1, "query": "reward", "phase": "B", "method": "DELAY", "transitions": 446841, "episodes": 1024, "updates": 3197839}
{"event": "training_block_complete", "life": 3, "query": "reward", "phase": "B", "method": "DELAY", "transitions": 434490, "episodes": 1024, "updates": 3162779}
{"event": "training_block_complete", "life": 0, "query": "reward", "phase": "B", "method": "DELAY", "transitions": 458073, "episodes": 1088, "updates": 3170571}
{"event": "training_block_complete", "life": 1, "query": "reward", "phase": "B", "method": "DELAY", "transitions": 474160, "episodes": 1088, "updates": 3225165}
{"event": "training_block_complete", "life": 3, "query": "reward", "phase": "B", "method": "DELAY", "transitions": 464858, "episodes": 1088, "updates": 3193177}
{"event": "training_block_complete", "life": 2, "query": "reward", "phase": "B", "method": "DELAY", "transitions": 458760, "episodes": 1088, "updates": 3192635}
{"event": "training_block_complete", "life": 0, "query": "reward", "phase": "B", "method": "DELAY", "transitions": 487655, "episodes": 1152, "updates": 3200139}
{"event": "training_block_complete", "life": 1, "query": "reward", "phase": "B", "method": "DELAY", "transitions": 503283, "episodes": 1152, "updates": 3254284}
{"event": "training_block_complete", "life": 3, "query": "reward", "phase": "B", "method": "DELAY", "transitions": 494811, "episodes": 1152, "updates": 3223129}
{"event": "training_block_complete", "life": 2, "query": "reward", "phase": "B", "method": "DELAY", "transitions": 490486, "episodes": 1152, "updates": 3224314}
{"event": "training_block_complete", "life": 1, "query": "reward", "phase": "B", "method": "DELAY", "transitions": 524288, "episodes": 1199, "updates": 3275338}
{"event": "training_block_complete", "life": 0, "query": "reward", "phase": "B", "method": "DELAY", "transitions": 517801, "episodes": 1216, "updates": 3230281}
{"event": "training_block_complete", "life": 0, "query": "reward", "phase": "B", "method": "DELAY", "transitions": 524288, "episodes": 1230, "updates": 3236808}
{"event": "training_block_complete", "life": 3, "query": "reward", "phase": "B", "method": "DELAY", "transitions": 524288, "episodes": 1215, "updates": 3252630}
{"event": "training_block_complete", "life": 2, "query": "reward", "phase": "B", "method": "DELAY", "transitions": 519069, "episodes": 1216, "updates": 3252922}
{"event": "training_block_complete", "life": 2, "query": "reward", "phase": "B", "method": "DELAY", "transitions": 524288, "episodes": 1231, "updates": 3258168}
{"event": "training_block_complete", "life": 1, "query": "reward", "phase": "B", "method": "BANK", "transitions": 26695, "episodes": 64, "updates": 2777756}
{"event": "training_block_complete", "life": 0, "query": "reward", "phase": "B", "method": "BANK", "transitions": 23742, "episodes": 64, "updates": 2736211}
{"event": "training_block_complete", "life": 3, "query": "reward", "phase": "B", "method": "BANK", "transitions": 25798, "episodes": 64, "updates": 2754150}
{"event": "training_block_complete", "life": 2, "query": "reward", "phase": "B", "method": "BANK", "transitions": 22989, "episodes": 64, "updates": 2756871}
{"event": "training_block_complete", "life": 1, "query": "reward", "phase": "B", "method": "BANK", "transitions": 53027, "episodes": 128, "updates": 2804059}
{"event": "training_block_complete", "life": 0, "query": "reward", "phase": "B", "method": "BANK", "transitions": 50077, "episodes": 128, "updates": 2762579}
{"event": "training_block_complete", "life": 3, "query": "reward", "phase": "B", "method": "BANK", "transitions": 49840, "episodes": 128, "updates": 2778150}
{"event": "training_block_complete", "life": 2, "query": "reward", "phase": "B", "method": "BANK", "transitions": 47726, "episodes": 128, "updates": 2781575}
{"event": "training_block_complete", "life": 1, "query": "reward", "phase": "B", "method": "BANK", "transitions": 79790, "episodes": 192, "updates": 2830811}
{"event": "training_block_complete", "life": 0, "query": "reward", "phase": "B", "method": "BANK", "transitions": 75532, "episodes": 192, "updates": 2788051}
{"event": "training_block_complete", "life": 3, "query": "reward", "phase": "B", "method": "BANK", "transitions": 75553, "episodes": 192, "updates": 2803878}
{"event": "training_block_complete", "life": 2, "query": "reward", "phase": "B", "method": "BANK", "transitions": 71435, "episodes": 192, "updates": 2805317}
{"event": "training_block_complete", "life": 1, "query": "reward", "phase": "B", "method": "BANK", "transitions": 103862, "episodes": 256, "updates": 2854875}
{"event": "training_block_complete", "life": 0, "query": "reward", "phase": "B", "method": "BANK", "transitions": 100360, "episodes": 256, "updates": 2812883}
{"event": "training_block_complete", "life": 3, "query": "reward", "phase": "B", "method": "BANK", "transitions": 100255, "episodes": 256, "updates": 2828582}
{"event": "training_block_complete", "life": 2, "query": "reward", "phase": "B", "method": "BANK", "transitions": 96635, "episodes": 256, "updates": 2830468}
{"event": "training_block_complete", "life": 1, "query": "reward", "phase": "B", "method": "BANK", "transitions": 128974, "episodes": 320, "updates": 2880026}
{"event": "training_block_complete", "life": 0, "query": "reward", "phase": "B", "method": "BANK", "transitions": 127010, "episodes": 320, "updates": 2839507}
{"event": "training_block_complete", "life": 2, "query": "reward", "phase": "B", "method": "BANK", "transitions": 121269, "episodes": 320, "updates": 2855108}
{"event": "training_block_complete", "life": 3, "query": "reward", "phase": "B", "method": "BANK", "transitions": 127425, "episodes": 320, "updates": 2855782}
{"event": "training_block_complete", "life": 1, "query": "reward", "phase": "B", "method": "BANK", "transitions": 155869, "episodes": 384, "updates": 2906905}
{"event": "training_block_complete", "life": 0, "query": "reward", "phase": "B", "method": "BANK", "transitions": 155501, "episodes": 384, "updates": 2867985}
{"event": "training_block_complete", "life": 3, "query": "reward", "phase": "B", "method": "BANK", "transitions": 151440, "episodes": 384, "updates": 2879782}
{"event": "training_block_complete", "life": 2, "query": "reward", "phase": "B", "method": "BANK", "transitions": 148319, "episodes": 384, "updates": 2882179}
{"event": "training_block_complete", "life": 1, "query": "reward", "phase": "B", "method": "BANK", "transitions": 184365, "episodes": 448, "updates": 2935384}
{"event": "training_block_complete", "life": 0, "query": "reward", "phase": "B", "method": "BANK", "transitions": 180001, "episodes": 448, "updates": 2892496}
{"event": "training_block_complete", "life": 2, "query": "reward", "phase": "B", "method": "BANK", "transitions": 175492, "episodes": 448, "updates": 2909379}
{"event": "training_block_complete", "life": 3, "query": "reward", "phase": "B", "method": "BANK", "transitions": 179619, "episodes": 448, "updates": 2907942}
{"event": "training_block_complete", "life": 1, "query": "reward", "phase": "B", "method": "BANK", "transitions": 212944, "episodes": 512, "updates": 2963992}
{"event": "training_block_complete", "life": 0, "query": "reward", "phase": "B", "method": "BANK", "transitions": 207933, "episodes": 512, "updates": 2920398}
{"event": "training_block_complete", "life": 3, "query": "reward", "phase": "B", "method": "BANK", "transitions": 204840, "episodes": 512, "updates": 2933157}
{"event": "training_block_complete", "life": 2, "query": "reward", "phase": "B", "method": "BANK", "transitions": 203201, "episodes": 512, "updates": 2937090}
{"event": "training_block_complete", "life": 0, "query": "reward", "phase": "B", "method": "BANK", "transitions": 233318, "episodes": 576, "updates": 2945806}
{"event": "training_block_complete", "life": 1, "query": "reward", "phase": "B", "method": "BANK", "transitions": 240816, "episodes": 576, "updates": 2991832}
{"event": "training_block_complete", "life": 3, "query": "reward", "phase": "B", "method": "BANK", "transitions": 232393, "episodes": 576, "updates": 2960740}
{"event": "training_block_complete", "life": 2, "query": "reward", "phase": "B", "method": "BANK", "transitions": 230491, "episodes": 576, "updates": 2964353}
{"event": "training_block_complete", "life": 0, "query": "reward", "phase": "B", "method": "BANK", "transitions": 261349, "episodes": 640, "updates": 2973838}
{"event": "training_block_complete", "life": 1, "query": "reward", "phase": "B", "method": "BANK", "transitions": 269887, "episodes": 640, "updates": 3020887}
{"event": "training_block_complete", "life": 3, "query": "reward", "phase": "B", "method": "BANK", "transitions": 259312, "episodes": 640, "updates": 2987619}
{"event": "training_block_complete", "life": 2, "query": "reward", "phase": "B", "method": "BANK", "transitions": 259540, "episodes": 640, "updates": 2993409}
{"event": "training_block_complete", "life": 0, "query": "reward", "phase": "B", "method": "BANK", "transitions": 288607, "episodes": 704, "updates": 3001102}
{"event": "training_block_complete", "life": 1, "query": "reward", "phase": "B", "method": "BANK", "transitions": 299477, "episodes": 704, "updates": 3050517}
{"event": "training_block_complete", "life": 3, "query": "reward", "phase": "B", "method": "BANK", "transitions": 288266, "episodes": 704, "updates": 3016609}
{"event": "training_block_complete", "life": 2, "query": "reward", "phase": "B", "method": "BANK", "transitions": 284773, "episodes": 704, "updates": 3018624}
{"event": "training_block_complete", "life": 0, "query": "reward", "phase": "B", "method": "BANK", "transitions": 316685, "episodes": 768, "updates": 3029197}
{"event": "training_block_complete", "life": 1, "query": "reward", "phase": "B", "method": "BANK", "transitions": 327072, "episodes": 768, "updates": 3078101}
{"event": "training_block_complete", "life": 2, "query": "reward", "phase": "B", "method": "BANK", "transitions": 312958, "episodes": 768, "updates": 3046783}
{"event": "training_block_complete", "life": 3, "query": "reward", "phase": "B", "method": "BANK", "transitions": 318531, "episodes": 768, "updates": 3046878}
{"event": "training_block_complete", "life": 0, "query": "reward", "phase": "B", "method": "BANK", "transitions": 342679, "episodes": 832, "updates": 3055181}
{"event": "training_block_complete", "life": 1, "query": "reward", "phase": "B", "method": "BANK", "transitions": 356425, "episodes": 832, "updates": 3107476}
{"event": "training_block_complete", "life": 2, "query": "reward", "phase": "B", "method": "BANK", "transitions": 342402, "episodes": 832, "updates": 3076286}
{"event": "training_block_complete", "life": 3, "query": "reward", "phase": "B", "method": "BANK", "transitions": 345455, "episodes": 832, "updates": 3073757}
{"event": "training_block_complete", "life": 0, "query": "reward", "phase": "B", "method": "BANK", "transitions": 373182, "episodes": 896, "updates": 3085644}
{"event": "training_block_complete", "life": 1, "query": "reward", "phase": "B", "method": "BANK", "transitions": 384281, "episodes": 896, "updates": 3135315}
{"event": "training_block_complete", "life": 2, "query": "reward", "phase": "B", "method": "BANK", "transitions": 371703, "episodes": 896, "updates": 3105534}
{"event": "training_block_complete", "life": 3, "query": "reward", "phase": "B", "method": "BANK", "transitions": 376112, "episodes": 896, "updates": 3104412}
{"event": "training_block_complete", "life": 0, "query": "reward", "phase": "B", "method": "BANK", "transitions": 401058, "episodes": 960, "updates": 3113548}
{"event": "training_block_complete", "life": 2, "query": "reward", "phase": "B", "method": "BANK", "transitions": 400579, "episodes": 960, "updates": 3134461}
{"event": "training_block_complete", "life": 3, "query": "reward", "phase": "B", "method": "BANK", "transitions": 403676, "episodes": 960, "updates": 3131996}
{"event": "training_block_complete", "life": 1, "query": "reward", "phase": "B", "method": "BANK", "transitions": 416063, "episodes": 960, "updates": 3167056}
{"event": "training_block_complete", "life": 0, "query": "reward", "phase": "B", "method": "BANK", "transitions": 428529, "episodes": 1024, "updates": 3141004}
{"event": "training_block_complete", "life": 2, "query": "reward", "phase": "B", "method": "BANK", "transitions": 426946, "episodes": 1024, "updates": 3160829}
{"event": "training_block_complete", "life": 3, "query": "reward", "phase": "B", "method": "BANK", "transitions": 434490, "episodes": 1024, "updates": 3162779}
{"event": "training_block_complete", "life": 1, "query": "reward", "phase": "B", "method": "BANK", "transitions": 446841, "episodes": 1024, "updates": 3197839}
{"event": "training_block_complete", "life": 0, "query": "reward", "phase": "B", "method": "BANK", "transitions": 458073, "episodes": 1088, "updates": 3170571}
{"event": "training_block_complete", "life": 2, "query": "reward", "phase": "B", "method": "BANK", "transitions": 458760, "episodes": 1088, "updates": 3192635}
{"event": "training_block_complete", "life": 3, "query": "reward", "phase": "B", "method": "BANK", "transitions": 464858, "episodes": 1088, "updates": 3193177}
{"event": "training_block_complete", "life": 1, "query": "reward", "phase": "B", "method": "BANK", "transitions": 474160, "episodes": 1088, "updates": 3225165}
{"event": "training_block_complete", "life": 0, "query": "reward", "phase": "B", "method": "BANK", "transitions": 487655, "episodes": 1152, "updates": 3200139}
{"event": "training_block_complete", "life": 2, "query": "reward", "phase": "B", "method": "BANK", "transitions": 490486, "episodes": 1152, "updates": 3224314}
{"event": "training_block_complete", "life": 1, "query": "reward", "phase": "B", "method": "BANK", "transitions": 503283, "episodes": 1152, "updates": 3254284}
{"event": "training_block_complete", "life": 3, "query": "reward", "phase": "B", "method": "BANK", "transitions": 494811, "episodes": 1152, "updates": 3223129}
{"event": "training_block_complete", "life": 0, "query": "reward", "phase": "B", "method": "BANK", "transitions": 517801, "episodes": 1216, "updates": 3230281}
{"event": "training_block_complete", "life": 1, "query": "reward", "phase": "B", "method": "BANK", "transitions": 524288, "episodes": 1199, "updates": 3275338}
{"event": "training_block_complete", "life": 0, "query": "reward", "phase": "B", "method": "BANK", "transitions": 524288, "episodes": 1230, "updates": 3236808}
{"event": "training_block_complete", "life": 2, "query": "reward", "phase": "B", "method": "BANK", "transitions": 519069, "episodes": 1216, "updates": 3252922}
{"event": "training_block_complete", "life": 2, "query": "reward", "phase": "B", "method": "BANK", "transitions": 524288, "episodes": 1231, "updates": 3258168}
{"event": "training_block_complete", "life": 3, "query": "reward", "phase": "B", "method": "BANK", "transitions": 524288, "episodes": 1215, "updates": 3252630}
{"event": "training_block_complete", "life": 1, "query": "reward", "phase": "A_RETURN", "method": "CONT", "transitions": 56047, "episodes": 64, "updates": 3331507}
{"event": "training_block_complete", "life": 0, "query": "reward", "phase": "A_RETURN", "method": "CONT", "transitions": 55170, "episodes": 64, "updates": 3292089}
{"event": "training_block_complete", "life": 2, "query": "reward", "phase": "A_RETURN", "method": "CONT", "transitions": 52856, "episodes": 64, "updates": 3311145}
{"event": "training_block_complete", "life": 3, "query": "reward", "phase": "A_RETURN", "method": "CONT", "transitions": 52840, "episodes": 64, "updates": 3305588}
{"event": "training_block_complete", "life": 1, "query": "reward", "phase": "A_RETURN", "method": "CONT", "transitions": 110861, "episodes": 128, "updates": 3386312}
{"event": "training_block_complete", "life": 0, "query": "reward", "phase": "A_RETURN", "method": "CONT", "transitions": 109203, "episodes": 128, "updates": 3346113}
{"event": "training_block_complete", "life": 3, "query": "reward", "phase": "A_RETURN", "method": "CONT", "transitions": 104788, "episodes": 128, "updates": 3357531}
{"event": "training_block_complete", "life": 2, "query": "reward", "phase": "A_RETURN", "method": "CONT", "transitions": 108481, "episodes": 128, "updates": 3366764}
{"event": "training_block_complete", "life": 1, "query": "reward", "phase": "A_RETURN", "method": "CONT", "transitions": 168911, "episodes": 192, "updates": 3444347}
{"event": "training_block_complete", "life": 0, "query": "reward", "phase": "A_RETURN", "method": "CONT", "transitions": 165722, "episodes": 192, "updates": 3402621}
{"event": "training_block_complete", "life": 3, "query": "reward", "phase": "A_RETURN", "method": "CONT", "transitions": 160641, "episodes": 192, "updates": 3413376}
{"event": "training_block_complete", "life": 2, "query": "reward", "phase": "A_RETURN", "method": "CONT", "transitions": 164724, "episodes": 192, "updates": 3423001}
{"event": "training_block_complete", "life": 0, "query": "reward", "phase": "A_RETURN", "method": "CONT", "transitions": 218582, "episodes": 256, "updates": 3455472}
{"event": "training_block_complete", "life": 1, "query": "reward", "phase": "A_RETURN", "method": "CONT", "transitions": 224280, "episodes": 256, "updates": 3499708}
{"event": "training_block_complete", "life": 2, "query": "reward", "phase": "A_RETURN", "method": "CONT", "transitions": 216930, "episodes": 256, "updates": 3475201}
{"event": "training_block_complete", "life": 3, "query": "reward", "phase": "A_RETURN", "method": "CONT", "transitions": 211410, "episodes": 256, "updates": 3464138}
{"event": "training_block_complete", "life": 1, "query": "reward", "phase": "A_RETURN", "method": "CONT", "transitions": 277879, "episodes": 320, "updates": 3553294}
{"event": "training_block_complete", "life": 0, "query": "reward", "phase": "A_RETURN", "method": "CONT", "transitions": 275896, "episodes": 320, "updates": 3512780}
{"event": "training_block_complete", "life": 2, "query": "reward", "phase": "A_RETURN", "method": "CONT", "transitions": 270710, "episodes": 320, "updates": 3528972}
{"event": "training_block_complete", "life": 3, "query": "reward", "phase": "A_RETURN", "method": "CONT", "transitions": 268092, "episodes": 320, "updates": 3520811}
{"event": "training_block_complete", "life": 0, "query": "reward", "phase": "A_RETURN", "method": "CONT", "transitions": 328975, "episodes": 384, "updates": 3565855}
{"event": "training_block_complete", "life": 1, "query": "reward", "phase": "A_RETURN", "method": "CONT", "transitions": 332327, "episodes": 384, "updates": 3607736}
{"event": "training_block_complete", "life": 2, "query": "reward", "phase": "A_RETURN", "method": "CONT", "transitions": 324234, "episodes": 384, "updates": 3582490}
{"event": "training_block_complete", "life": 3, "query": "reward", "phase": "A_RETURN", "method": "CONT", "transitions": 325832, "episodes": 384, "updates": 3578544}
{"event": "training_block_complete", "life": 0, "query": "reward", "phase": "A_RETURN", "method": "CONT", "transitions": 383749, "episodes": 448, "updates": 3620623}
{"event": "training_block_complete", "life": 1, "query": "reward", "phase": "A_RETURN", "method": "CONT", "transitions": 387162, "episodes": 448, "updates": 3662564}
{"event": "training_block_complete", "life": 2, "query": "reward", "phase": "A_RETURN", "method": "CONT", "transitions": 379035, "episodes": 448, "updates": 3637280}
{"event": "training_block_complete", "life": 3, "query": "reward", "phase": "A_RETURN", "method": "CONT", "transitions": 380058, "episodes": 448, "updates": 3632762}
{"event": "training_block_complete", "life": 0, "query": "reward", "phase": "A_RETURN", "method": "CONT", "transitions": 439959, "episodes": 512, "updates": 3676830}
{"event": "training_block_complete", "life": 1, "query": "reward", "phase": "A_RETURN", "method": "CONT", "transitions": 443626, "episodes": 512, "updates": 3719020}
{"event": "training_block_complete", "life": 2, "query": "reward", "phase": "A_RETURN", "method": "CONT", "transitions": 433164, "episodes": 512, "updates": 3691399}
{"event": "training_block_complete", "life": 3, "query": "reward", "phase": "A_RETURN", "method": "CONT", "transitions": 435372, "episodes": 512, "updates": 3688065}
{"event": "training_block_complete", "life": 2, "query": "reward", "phase": "A_RETURN", "method": "CONT", "transitions": 487423, "episodes": 576, "updates": 3745652}
{"event": "training_block_complete", "life": 0, "query": "reward", "phase": "A_RETURN", "method": "CONT", "transitions": 494535, "episodes": 576, "updates": 3731394}
{"event": "training_block_complete", "life": 1, "query": "reward", "phase": "A_RETURN", "method": "CONT", "transitions": 500849, "episodes": 576, "updates": 3776232}
{"event": "training_block_complete", "life": 3, "query": "reward", "phase": "A_RETURN", "method": "CONT", "transitions": 488342, "episodes": 576, "updates": 3741025}
{"event": "training_block_complete", "life": 1, "query": "reward", "phase": "A_RETURN", "method": "CONT", "transitions": 524288, "episodes": 602, "updates": 3799662}
{"event": "training_block_complete", "life": 0, "query": "reward", "phase": "A_RETURN", "method": "CONT", "transitions": 524288, "episodes": 609, "updates": 3761142}
{"event": "training_block_complete", "life": 2, "query": "reward", "phase": "A_RETURN", "method": "CONT", "transitions": 524288, "episodes": 619, "updates": 3782512}
{"event": "training_block_complete", "life": 3, "query": "reward", "phase": "A_RETURN", "method": "CONT", "transitions": 524288, "episodes": 620, "updates": 3776963}
{"event": "training_block_complete", "life": 1, "query": "reward", "phase": "A_RETURN", "method": "DELAY", "transitions": 55546, "episodes": 64, "updates": 3330694}
{"event": "training_block_complete", "life": 0, "query": "reward", "phase": "A_RETURN", "method": "DELAY", "transitions": 52128, "episodes": 64, "updates": 3288772}
{"event": "training_block_complete", "life": 2, "query": "reward", "phase": "A_RETURN", "method": "DELAY", "transitions": 56781, "episodes": 64, "updates": 3314797}
{"event": "training_block_complete", "life": 3, "query": "reward", "phase": "A_RETURN", "method": "DELAY", "transitions": 52765, "episodes": 64, "updates": 3305232}
{"event": "training_block_complete", "life": 0, "query": "reward", "phase": "A_RETURN", "method": "DELAY", "transitions": 103247, "episodes": 128, "updates": 3339903}
{"event": "training_block_complete", "life": 1, "query": "reward", "phase": "A_RETURN", "method": "DELAY", "transitions": 109715, "episodes": 128, "updates": 3384892}
{"event": "training_block_complete", "life": 2, "query": "reward", "phase": "A_RETURN", "method": "DELAY", "transitions": 109541, "episodes": 128, "updates": 3367526}
{"event": "training_block_complete", "life": 3, "query": "reward", "phase": "A_RETURN", "method": "DELAY", "transitions": 109803, "episodes": 128, "updates": 3362246}
{"event": "training_block_complete", "life": 0, "query": "reward", "phase": "A_RETURN", "method": "DELAY", "transitions": 159796, "episodes": 192, "updates": 3396407}
{"event": "training_block_complete", "life": 1, "query": "reward", "phase": "A_RETURN", "method": "DELAY", "transitions": 168850, "episodes": 192, "updates": 3444015}
{"event": "training_block_complete", "life": 2, "query": "reward", "phase": "A_RETURN", "method": "DELAY", "transitions": 163257, "episodes": 192, "updates": 3421217}
{"event": "training_block_complete", "life": 3, "query": "reward", "phase": "A_RETURN", "method": "DELAY", "transitions": 165281, "episodes": 192, "updates": 3417722}
{"event": "training_block_complete", "life": 0, "query": "reward", "phase": "A_RETURN", "method": "DELAY", "transitions": 216470, "episodes": 256, "updates": 3453101}
{"event": "training_block_complete", "life": 2, "query": "reward", "phase": "A_RETURN", "method": "DELAY", "transitions": 216252, "episodes": 256, "updates": 3474199}
{"event": "training_block_complete", "life": 1, "query": "reward", "phase": "A_RETURN", "method": "DELAY", "transitions": 226054, "episodes": 256, "updates": 3501219}
{"event": "training_block_complete", "life": 3, "query": "reward", "phase": "A_RETURN", "method": "DELAY", "transitions": 218573, "episodes": 256, "updates": 3471023}
{"event": "training_block_complete", "life": 0, "query": "reward", "phase": "A_RETURN", "method": "DELAY", "transitions": 271953, "episodes": 320, "updates": 3508583}
{"event": "training_block_complete", "life": 2, "query": "reward", "phase": "A_RETURN", "method": "DELAY", "transitions": 272256, "episodes": 320, "updates": 3530251}
{"event": "training_block_complete", "life": 1, "query": "reward", "phase": "A_RETURN", "method": "DELAY", "transitions": 282997, "episodes": 320, "updates": 3558106}
{"event": "training_block_complete", "life": 3, "query": "reward", "phase": "A_RETURN", "method": "DELAY", "transitions": 271591, "episodes": 320, "updates": 3524005}
{"event": "training_block_complete", "life": 0, "query": "reward", "phase": "A_RETURN", "method": "DELAY", "transitions": 328213, "episodes": 384, "updates": 3564828}
{"event": "training_block_complete", "life": 2, "query": "reward", "phase": "A_RETURN", "method": "DELAY", "transitions": 330919, "episodes": 384, "updates": 3588868}
{"event": "training_block_complete", "life": 1, "query": "reward", "phase": "A_RETURN", "method": "DELAY", "transitions": 338822, "episodes": 384, "updates": 3613967}
{"event": "training_block_complete", "life": 3, "query": "reward", "phase": "A_RETURN", "method": "DELAY", "transitions": 325520, "episodes": 384, "updates": 3577951}
{"event": "training_block_complete", "life": 0, "query": "reward", "phase": "A_RETURN", "method": "DELAY", "transitions": 384267, "episodes": 448, "updates": 3620882}
{"event": "training_block_complete", "life": 2, "query": "reward", "phase": "A_RETURN", "method": "DELAY", "transitions": 386974, "episodes": 448, "updates": 3644924}
{"event": "training_block_complete", "life": 1, "query": "reward", "phase": "A_RETURN", "method": "DELAY", "transitions": 395258, "episodes": 448, "updates": 3670339}
{"event": "training_block_complete", "life": 3, "query": "reward", "phase": "A_RETURN", "method": "DELAY", "transitions": 381521, "episodes": 448, "updates": 3633943}
{"event": "training_block_complete", "life": 0, "query": "reward", "phase": "A_RETURN", "method": "DELAY", "transitions": 439203, "episodes": 512, "updates": 3675787}
{"event": "training_block_complete", "life": 2, "query": "reward", "phase": "A_RETURN", "method": "DELAY", "transitions": 443293, "episodes": 512, "updates": 3701233}
{"event": "training_block_complete", "life": 1, "query": "reward", "phase": "A_RETURN", "method": "DELAY", "transitions": 453600, "episodes": 512, "updates": 3728695}
{"event": "training_block_complete", "life": 3, "query": "reward", "phase": "A_RETURN", "method": "DELAY", "transitions": 440670, "episodes": 512, "updates": 3693071}
{"event": "training_block_complete", "life": 0, "query": "reward", "phase": "A_RETURN", "method": "DELAY", "transitions": 492822, "episodes": 576, "updates": 3729411}
{"event": "training_block_complete", "life": 2, "query": "reward", "phase": "A_RETURN", "method": "DELAY", "transitions": 497729, "episodes": 576, "updates": 3755686}
{"event": "training_block_complete", "life": 1, "query": "reward", "phase": "A_RETURN", "method": "DELAY", "transitions": 512554, "episodes": 576, "updates": 3787621}
{"event": "training_block_complete", "life": 3, "query": "reward", "phase": "A_RETURN", "method": "DELAY", "transitions": 497088, "episodes": 576, "updates": 3749505}
{"event": "training_block_complete", "life": 0, "query": "reward", "phase": "A_RETURN", "method": "DELAY", "transitions": 524288, "episodes": 614, "updates": 3760895}
{"event": "training_block_complete", "life": 1, "query": "reward", "phase": "A_RETURN", "method": "DELAY", "transitions": 524288, "episodes": 589, "updates": 3799395}
{"event": "training_block_complete", "life": 2, "query": "reward", "phase": "A_RETURN", "method": "DELAY", "transitions": 524288, "episodes": 607, "updates": 3782241}
{"event": "training_block_complete", "life": 3, "query": "reward", "phase": "A_RETURN", "method": "DELAY", "transitions": 524288, "episodes": 605, "updates": 3776700}
{"event": "training_block_complete", "life": 0, "query": "reward", "phase": "A_RETURN", "method": "BANK", "transitions": 48046, "episodes": 64, "updates": 3284677}
{"event": "training_block_complete", "life": 1, "query": "reward", "phase": "A_RETURN", "method": "BANK", "transitions": 51255, "episodes": 64, "updates": 3326401}
{"event": "training_block_complete", "life": 2, "query": "reward", "phase": "A_RETURN", "method": "BANK", "transitions": 50686, "episodes": 64, "updates": 3308657}
{"event": "training_block_complete", "life": 3, "query": "reward", "phase": "A_RETURN", "method": "BANK", "transitions": 52873, "episodes": 64, "updates": 3305363}
{"event": "training_block_complete", "life": 0, "query": "reward", "phase": "A_RETURN", "method": "BANK", "transitions": 99802, "episodes": 128, "updates": 3336445}
{"event": "training_block_complete", "life": 1, "query": "reward", "phase": "A_RETURN", "method": "BANK", "transitions": 103380, "episodes": 128, "updates": 3378556}
{"event": "training_block_complete", "life": 2, "query": "reward", "phase": "A_RETURN", "method": "BANK", "transitions": 102408, "episodes": 128, "updates": 3360428}
{"event": "training_block_complete", "life": 3, "query": "reward", "phase": "A_RETURN", "method": "BANK", "transitions": 105878, "episodes": 128, "updates": 3358351}
{"event": "training_block_complete", "life": 0, "query": "reward", "phase": "A_RETURN", "method": "BANK", "transitions": 150474, "episodes": 192, "updates": 3387130}
{"event": "training_block_complete", "life": 2, "query": "reward", "phase": "A_RETURN", "method": "BANK", "transitions": 154309, "episodes": 192, "updates": 3412326}
{"event": "training_block_complete", "life": 1, "query": "reward", "phase": "A_RETURN", "method": "BANK", "transitions": 159842, "episodes": 192, "updates": 3434998}
{"event": "training_block_complete", "life": 3, "query": "reward", "phase": "A_RETURN", "method": "BANK", "transitions": 158612, "episodes": 192, "updates": 3411079}
{"event": "training_block_complete", "life": 0, "query": "reward", "phase": "A_RETURN", "method": "BANK", "transitions": 203216, "episodes": 256, "updates": 3439859}
{"event": "training_block_complete", "life": 2, "query": "reward", "phase": "A_RETURN", "method": "BANK", "transitions": 206138, "episodes": 256, "updates": 3464097}
{"event": "training_block_complete", "life": 1, "query": "reward", "phase": "A_RETURN", "method": "BANK", "transitions": 216579, "episodes": 256, "updates": 3491755}
{"event": "training_block_complete", "life": 3, "query": "reward", "phase": "A_RETURN", "method": "BANK", "transitions": 215211, "episodes": 256, "updates": 3467646}
{"event": "training_block_complete", "life": 0, "query": "reward", "phase": "A_RETURN", "method": "BANK", "transitions": 255357, "episodes": 320, "updates": 3491950}
{"event": "training_block_complete", "life": 2, "query": "reward", "phase": "A_RETURN", "method": "BANK", "transitions": 255703, "episodes": 320, "updates": 3513693}
{"event": "training_block_complete", "life": 1, "query": "reward", "phase": "A_RETURN", "method": "BANK", "transitions": 270920, "episodes": 320, "updates": 3546084}
{"event": "training_block_complete", "life": 3, "query": "reward", "phase": "A_RETURN", "method": "BANK", "transitions": 265101, "episodes": 320, "updates": 3517563}
{"event": "training_block_complete", "life": 0, "query": "reward", "phase": "A_RETURN", "method": "BANK", "transitions": 307113, "episodes": 384, "updates": 3543720}
{"event": "training_block_complete", "life": 2, "query": "reward", "phase": "A_RETURN", "method": "BANK", "transitions": 310955, "episodes": 384, "updates": 3568917}
{"event": "training_block_complete", "life": 1, "query": "reward", "phase": "A_RETURN", "method": "BANK", "transitions": 325150, "episodes": 384, "updates": 3600287}
{"event": "training_block_complete", "life": 3, "query": "reward", "phase": "A_RETURN", "method": "BANK", "transitions": 320346, "episodes": 384, "updates": 3572789}
{"event": "training_block_complete", "life": 0, "query": "reward", "phase": "A_RETURN", "method": "BANK", "transitions": 357315, "episodes": 448, "updates": 3593959}
{"event": "training_block_complete", "life": 2, "query": "reward", "phase": "A_RETURN", "method": "BANK", "transitions": 362825, "episodes": 448, "updates": 3620812}
{"event": "training_block_complete", "life": 1, "query": "reward", "phase": "A_RETURN", "method": "BANK", "transitions": 380968, "episodes": 448, "updates": 3656088}
{"event": "training_block_complete", "life": 3, "query": "reward", "phase": "A_RETURN", "method": "BANK", "transitions": 371959, "episodes": 448, "updates": 3624369}
{"event": "training_block_complete", "life": 0, "query": "reward", "phase": "A_RETURN", "method": "BANK", "transitions": 409562, "episodes": 512, "updates": 3646176}
{"event": "training_block_complete", "life": 2, "query": "reward", "phase": "A_RETURN", "method": "BANK", "transitions": 415956, "episodes": 512, "updates": 3673924}
{"event": "training_block_complete", "life": 1, "query": "reward", "phase": "A_RETURN", "method": "BANK", "transitions": 437705, "episodes": 512, "updates": 3712850}
{"event": "training_block_complete", "life": 3, "query": "reward", "phase": "A_RETURN", "method": "BANK", "transitions": 424630, "episodes": 512, "updates": 3677037}
{"event": "training_block_complete", "life": 0, "query": "reward", "phase": "A_RETURN", "method": "BANK", "transitions": 463834, "episodes": 576, "updates": 3700442}
{"event": "training_block_complete", "life": 2, "query": "reward", "phase": "A_RETURN", "method": "BANK", "transitions": 465903, "episodes": 576, "updates": 3723837}
{"event": "training_block_complete", "life": 1, "query": "reward", "phase": "A_RETURN", "method": "BANK", "transitions": 490846, "episodes": 576, "updates": 3765961}
{"event": "training_block_complete", "life": 3, "query": "reward", "phase": "A_RETURN", "method": "BANK", "transitions": 475563, "episodes": 576, "updates": 3727977}
{"event": "training_block_complete", "life": 0, "query": "reward", "phase": "A_RETURN", "method": "BANK", "transitions": 515171, "episodes": 640, "updates": 3751764}
{"event": "training_block_complete", "life": 0, "query": "reward", "phase": "A_RETURN", "method": "BANK", "transitions": 524288, "episodes": 650, "updates": 3760913}
{"event": "training_block_complete", "life": 2, "query": "reward", "phase": "A_RETURN", "method": "BANK", "transitions": 515333, "episodes": 640, "updates": 3773304}
{"event": "training_block_complete", "life": 1, "query": "reward", "phase": "A_RETURN", "method": "BANK", "transitions": 524288, "episodes": 614, "updates": 3799425}
{"event": "training_block_complete", "life": 2, "query": "reward", "phase": "A_RETURN", "method": "BANK", "transitions": 524288, "episodes": 653, "updates": 3782263}
{"event": "training_block_complete", "life": 3, "query": "reward", "phase": "A_RETURN", "method": "BANK", "transitions": 524288, "episodes": 630, "updates": 3776738}
{"event": "training_block_complete", "life": 0, "query": "risk_goal", "phase": "B", "method": "CONT", "transitions": 25784, "episodes": 64, "updates": 2790822}
{"event": "training_block_complete", "life": 1, "query": "risk_goal", "phase": "B", "method": "CONT", "transitions": 25988, "episodes": 64, "updates": 2834426}
{"event": "training_block_complete", "life": 2, "query": "risk_goal", "phase": "B", "method": "CONT", "transitions": 28400, "episodes": 64, "updates": 2847574}
{"event": "training_block_complete", "life": 0, "query": "risk_goal", "phase": "B", "method": "CONT", "transitions": 51968, "episodes": 128, "updates": 2817006}
{"event": "training_block_complete", "life": 3, "query": "risk_goal", "phase": "B", "method": "CONT", "transitions": 27025, "episodes": 64, "updates": 2831411}
{"event": "training_block_complete", "life": 1, "query": "risk_goal", "phase": "B", "method": "CONT", "transitions": 56916, "episodes": 128, "updates": 2865351}
{"event": "training_block_complete", "life": 2, "query": "risk_goal", "phase": "B", "method": "CONT", "transitions": 55776, "episodes": 128, "updates": 2874950}
{"event": "training_block_complete", "life": 0, "query": "risk_goal", "phase": "B", "method": "CONT", "transitions": 77830, "episodes": 192, "updates": 2842867}
{"event": "training_block_complete", "life": 3, "query": "risk_goal", "phase": "B", "method": "CONT", "transitions": 55935, "episodes": 128, "updates": 2860321}
{"event": "training_block_complete", "life": 1, "query": "risk_goal", "phase": "B", "method": "CONT", "transitions": 83823, "episodes": 192, "updates": 2892258}
{"event": "training_block_complete", "life": 2, "query": "risk_goal", "phase": "B", "method": "CONT", "transitions": 85378, "episodes": 192, "updates": 2904552}
{"event": "training_block_complete", "life": 0, "query": "risk_goal", "phase": "B", "method": "CONT", "transitions": 107183, "episodes": 256, "updates": 2872220}
{"event": "training_block_complete", "life": 3, "query": "risk_goal", "phase": "B", "method": "CONT", "transitions": 84211, "episodes": 192, "updates": 2888597}
{"event": "training_block_complete", "life": 1, "query": "risk_goal", "phase": "B", "method": "CONT", "transitions": 112512, "episodes": 256, "updates": 2920947}
{"event": "training_block_complete", "life": 2, "query": "risk_goal", "phase": "B", "method": "CONT", "transitions": 114573, "episodes": 256, "updates": 2933745}
{"event": "training_block_complete", "life": 0, "query": "risk_goal", "phase": "B", "method": "CONT", "transitions": 136311, "episodes": 320, "updates": 2901346}
{"event": "training_block_complete", "life": 1, "query": "risk_goal", "phase": "B", "method": "CONT", "transitions": 138952, "episodes": 320, "updates": 2947386}
{"event": "training_block_complete", "life": 3, "query": "risk_goal", "phase": "B", "method": "CONT", "transitions": 113796, "episodes": 256, "updates": 2918182}
{"event": "training_block_complete", "life": 2, "query": "risk_goal", "phase": "B", "method": "CONT", "transitions": 142521, "episodes": 320, "updates": 2961693}
{"event": "training_block_complete", "life": 0, "query": "risk_goal", "phase": "B", "method": "CONT", "transitions": 166551, "episodes": 384, "updates": 2931585}
{"event": "training_block_complete", "life": 3, "query": "risk_goal", "phase": "B", "method": "CONT", "transitions": 141988, "episodes": 320, "updates": 2946371}
{"event": "training_block_complete", "life": 1, "query": "risk_goal", "phase": "B", "method": "CONT", "transitions": 167767, "episodes": 384, "updates": 2976201}
{"event": "training_block_complete", "life": 2, "query": "risk_goal", "phase": "B", "method": "CONT", "transitions": 171708, "episodes": 384, "updates": 2990879}
{"event": "training_block_complete", "life": 0, "query": "risk_goal", "phase": "B", "method": "CONT", "transitions": 195132, "episodes": 448, "updates": 2960166}
{"event": "training_block_complete", "life": 3, "query": "risk_goal", "phase": "B", "method": "CONT", "transitions": 171620, "episodes": 384, "updates": 2976003}
{"event": "training_block_complete", "life": 1, "query": "risk_goal", "phase": "B", "method": "CONT", "transitions": 197776, "episodes": 448, "updates": 3006210}
{"event": "training_block_complete", "life": 2, "query": "risk_goal", "phase": "B", "method": "CONT", "transitions": 199742, "episodes": 448, "updates": 3018911}
{"event": "training_block_complete", "life": 0, "query": "risk_goal", "phase": "B", "method": "CONT", "transitions": 226313, "episodes": 512, "updates": 2991345}
{"event": "training_block_complete", "life": 3, "query": "risk_goal", "phase": "B", "method": "CONT", "transitions": 201879, "episodes": 448, "updates": 3006261}
{"event": "training_block_complete", "life": 1, "query": "risk_goal", "phase": "B", "method": "CONT", "transitions": 227810, "episodes": 512, "updates": 3036242}
{"event": "training_block_complete", "life": 2, "query": "risk_goal", "phase": "B", "method": "CONT", "transitions": 231245, "episodes": 512, "updates": 3050413}
{"event": "training_block_complete", "life": 0, "query": "risk_goal", "phase": "B", "method": "CONT", "transitions": 254708, "episodes": 576, "updates": 3019739}
{"event": "training_block_complete", "life": 3, "query": "risk_goal", "phase": "B", "method": "CONT", "transitions": 230810, "episodes": 512, "updates": 3035190}
{"event": "training_block_complete", "life": 1, "query": "risk_goal", "phase": "B", "method": "CONT", "transitions": 255706, "episodes": 576, "updates": 3064137}
{"event": "training_block_complete", "life": 2, "query": "risk_goal", "phase": "B", "method": "CONT", "transitions": 263421, "episodes": 576, "updates": 3082585}
{"event": "training_block_complete", "life": 0, "query": "risk_goal", "phase": "B", "method": "CONT", "transitions": 283716, "episodes": 640, "updates": 3048746}
{"event": "training_block_complete", "life": 3, "query": "risk_goal", "phase": "B", "method": "CONT", "transitions": 258895, "episodes": 576, "updates": 3063274}
{"event": "training_block_complete", "life": 1, "query": "risk_goal", "phase": "B", "method": "CONT", "transitions": 286372, "episodes": 640, "updates": 3094800}
{"event": "training_block_complete", "life": 2, "query": "risk_goal", "phase": "B", "method": "CONT", "transitions": 294355, "episodes": 640, "updates": 3113517}
{"event": "training_block_complete", "life": 3, "query": "risk_goal", "phase": "B", "method": "CONT", "transitions": 287846, "episodes": 640, "updates": 3092224}
{"event": "training_block_complete", "life": 0, "query": "risk_goal", "phase": "B", "method": "CONT", "transitions": 315672, "episodes": 704, "updates": 3080702}
{"event": "training_block_complete", "life": 1, "query": "risk_goal", "phase": "B", "method": "CONT", "transitions": 315640, "episodes": 704, "updates": 3124067}
{"event": "training_block_complete", "life": 2, "query": "risk_goal", "phase": "B", "method": "CONT", "transitions": 324330, "episodes": 704, "updates": 3143491}
{"event": "training_block_complete", "life": 3, "query": "risk_goal", "phase": "B", "method": "CONT", "transitions": 316804, "episodes": 704, "updates": 3121181}
{"event": "training_block_complete", "life": 1, "query": "risk_goal", "phase": "B", "method": "CONT", "transitions": 345223, "episodes": 768, "updates": 3153650}
{"event": "training_block_complete", "life": 0, "query": "risk_goal", "phase": "B", "method": "CONT", "transitions": 347254, "episodes": 768, "updates": 3112283}
{"event": "training_block_complete", "life": 2, "query": "risk_goal", "phase": "B", "method": "CONT", "transitions": 355590, "episodes": 768, "updates": 3174749}
{"event": "training_block_complete", "life": 3, "query": "risk_goal", "phase": "B", "method": "CONT", "transitions": 347421, "episodes": 768, "updates": 3151797}
{"event": "training_block_complete", "life": 1, "query": "risk_goal", "phase": "B", "method": "CONT", "transitions": 373830, "episodes": 832, "updates": 3182256}
{"event": "training_block_complete", "life": 0, "query": "risk_goal", "phase": "B", "method": "CONT", "transitions": 379266, "episodes": 832, "updates": 3144295}
{"event": "training_block_complete", "life": 2, "query": "risk_goal", "phase": "B", "method": "CONT", "transitions": 386004, "episodes": 832, "updates": 3205163}
{"event": "training_block_complete", "life": 1, "query": "risk_goal", "phase": "B", "method": "CONT", "transitions": 405140, "episodes": 896, "updates": 3213566}
{"event": "training_block_complete", "life": 3, "query": "risk_goal", "phase": "B", "method": "CONT", "transitions": 379658, "episodes": 832, "updates": 3184030}
{"event": "training_block_complete", "life": 0, "query": "risk_goal", "phase": "B", "method": "CONT", "transitions": 410302, "episodes": 896, "updates": 3175329}
{"event": "training_block_complete", "life": 2, "query": "risk_goal", "phase": "B", "method": "CONT", "transitions": 417134, "episodes": 896, "updates": 3236293}
{"event": "training_block_complete", "life": 1, "query": "risk_goal", "phase": "B", "method": "CONT", "transitions": 436425, "episodes": 960, "updates": 3244851}
{"event": "training_block_complete", "life": 3, "query": "risk_goal", "phase": "B", "method": "CONT", "transitions": 410270, "episodes": 896, "updates": 3214640}
{"event": "training_block_complete", "life": 0, "query": "risk_goal", "phase": "B", "method": "CONT", "transitions": 441728, "episodes": 960, "updates": 3206752}
{"event": "training_block_complete", "life": 2, "query": "risk_goal", "phase": "B", "method": "CONT", "transitions": 450066, "episodes": 960, "updates": 3269225}
{"event": "training_block_complete", "life": 1, "query": "risk_goal", "phase": "B", "method": "CONT", "transitions": 465118, "episodes": 1024, "updates": 3273544}
{"event": "training_block_complete", "life": 3, "query": "risk_goal", "phase": "B", "method": "CONT", "transitions": 442009, "episodes": 960, "updates": 3246376}
{"event": "training_block_complete", "life": 0, "query": "risk_goal", "phase": "B", "method": "CONT", "transitions": 473464, "episodes": 1024, "updates": 3238485}
{"event": "training_block_complete", "life": 2, "query": "risk_goal", "phase": "B", "method": "CONT", "transitions": 479575, "episodes": 1024, "updates": 3298733}
{"event": "training_block_complete", "life": 1, "query": "risk_goal", "phase": "B", "method": "CONT", "transitions": 496727, "episodes": 1088, "updates": 3305152}
{"event": "training_block_complete", "life": 3, "query": "risk_goal", "phase": "B", "method": "CONT", "transitions": 474024, "episodes": 1024, "updates": 3278389}
{"event": "training_block_complete", "life": 0, "query": "risk_goal", "phase": "B", "method": "CONT", "transitions": 504661, "episodes": 1088, "updates": 3269679}
{"event": "training_block_complete", "life": 2, "query": "risk_goal", "phase": "B", "method": "CONT", "transitions": 512610, "episodes": 1088, "updates": 3331765}
{"event": "training_block_complete", "life": 1, "query": "risk_goal", "phase": "B", "method": "CONT", "transitions": 524288, "episodes": 1146, "updates": 3332709}
{"event": "training_block_complete", "life": 0, "query": "risk_goal", "phase": "B", "method": "CONT", "transitions": 524288, "episodes": 1126, "updates": 3289302}
{"event": "training_block_complete", "life": 2, "query": "risk_goal", "phase": "B", "method": "CONT", "transitions": 524288, "episodes": 1110, "updates": 3343442}
{"event": "training_block_complete", "life": 3, "query": "risk_goal", "phase": "B", "method": "CONT", "transitions": 504733, "episodes": 1088, "updates": 3309098}
{"event": "training_block_complete", "life": 3, "query": "risk_goal", "phase": "B", "method": "CONT", "transitions": 524288, "episodes": 1128, "updates": 3328652}
{"event": "training_block_complete", "life": 1, "query": "risk_goal", "phase": "B", "method": "DELAY", "transitions": 26337, "episodes": 64, "updates": 2834613}
{"event": "training_block_complete", "life": 0, "query": "risk_goal", "phase": "B", "method": "DELAY", "transitions": 26842, "episodes": 64, "updates": 2791726}
{"event": "training_block_complete", "life": 2, "query": "risk_goal", "phase": "B", "method": "DELAY", "transitions": 27178, "episodes": 64, "updates": 2846182}
{"event": "training_block_complete", "life": 1, "query": "risk_goal", "phase": "B", "method": "DELAY", "transitions": 52756, "episodes": 128, "updates": 2861045}
{"event": "training_block_complete", "life": 3, "query": "risk_goal", "phase": "B", "method": "DELAY", "transitions": 25929, "episodes": 64, "updates": 2830178}
{"event": "training_block_complete", "life": 2, "query": "risk_goal", "phase": "B", "method": "DELAY", "transitions": 54238, "episodes": 128, "updates": 2873253}
{"event": "training_block_complete", "life": 0, "query": "risk_goal", "phase": "B", "method": "DELAY", "transitions": 55844, "episodes": 128, "updates": 2820718}
{"event": "training_block_complete", "life": 1, "query": "risk_goal", "phase": "B", "method": "DELAY", "transitions": 80454, "episodes": 192, "updates": 2888756}
{"event": "training_block_complete", "life": 3, "query": "risk_goal", "phase": "B", "method": "DELAY", "transitions": 55300, "episodes": 128, "updates": 2859554}
{"event": "training_block_complete", "life": 2, "query": "risk_goal", "phase": "B", "method": "DELAY", "transitions": 82892, "episodes": 192, "updates": 2901925}
{"event": "training_block_complete", "life": 0, "query": "risk_goal", "phase": "B", "method": "DELAY", "transitions": 84704, "episodes": 192, "updates": 2849581}
{"event": "training_block_complete", "life": 1, "query": "risk_goal", "phase": "B", "method": "DELAY", "transitions": 108429, "episodes": 256, "updates": 2916723}
{"event": "training_block_complete", "life": 3, "query": "risk_goal", "phase": "B", "method": "DELAY", "transitions": 82424, "episodes": 192, "updates": 2886622}
{"event": "training_block_complete", "life": 2, "query": "risk_goal", "phase": "B", "method": "DELAY", "transitions": 111221, "episodes": 256, "updates": 2930212}
{"event": "training_block_complete", "life": 0, "query": "risk_goal", "phase": "B", "method": "DELAY", "transitions": 113404, "episodes": 256, "updates": 2878253}
{"event": "training_block_complete", "life": 1, "query": "risk_goal", "phase": "B", "method": "DELAY", "transitions": 135775, "episodes": 320, "updates": 2944051}
{"event": "training_block_complete", "life": 3, "query": "risk_goal", "phase": "B", "method": "DELAY", "transitions": 111448, "episodes": 256, "updates": 2915677}
{"event": "training_block_complete", "life": 2, "query": "risk_goal", "phase": "B", "method": "DELAY", "transitions": 138093, "episodes": 320, "updates": 2957092}
{"event": "training_block_complete", "life": 0, "query": "risk_goal", "phase": "B", "method": "DELAY", "transitions": 140376, "episodes": 320, "updates": 2905261}
{"event": "training_block_complete", "life": 1, "query": "risk_goal", "phase": "B", "method": "DELAY", "transitions": 163098, "episodes": 384, "updates": 2971377}
{"event": "training_block_complete", "life": 3, "query": "risk_goal", "phase": "B", "method": "DELAY", "transitions": 143127, "episodes": 320, "updates": 2947355}
{"event": "training_block_complete", "life": 2, "query": "risk_goal", "phase": "B", "method": "DELAY", "transitions": 169113, "episodes": 384, "updates": 2988132}
{"event": "training_block_complete", "life": 0, "query": "risk_goal", "phase": "B", "method": "DELAY", "transitions": 168161, "episodes": 384, "updates": 2933037}
{"event": "training_block_complete", "life": 1, "query": "risk_goal", "phase": "B", "method": "DELAY", "transitions": 191042, "episodes": 448, "updates": 2999343}
{"event": "training_block_complete", "life": 3, "query": "risk_goal", "phase": "B", "method": "DELAY", "transitions": 172618, "episodes": 384, "updates": 2976858}
{"event": "training_block_complete", "life": 2, "query": "risk_goal", "phase": "B", "method": "DELAY", "transitions": 197610, "episodes": 448, "updates": 3016611}
{"event": "training_block_complete", "life": 0, "query": "risk_goal", "phase": "B", "method": "DELAY", "transitions": 195310, "episodes": 448, "updates": 2960171}
{"event": "training_block_complete", "life": 1, "query": "risk_goal", "phase": "B", "method": "DELAY", "transitions": 220904, "episodes": 512, "updates": 3029165}
{"event": "training_block_complete", "life": 3, "query": "risk_goal", "phase": "B", "method": "DELAY", "transitions": 202596, "episodes": 448, "updates": 3006806}
{"event": "training_block_complete", "life": 2, "query": "risk_goal", "phase": "B", "method": "DELAY", "transitions": 225702, "episodes": 512, "updates": 3044707}
{"event": "training_block_complete", "life": 0, "query": "risk_goal", "phase": "B", "method": "DELAY", "transitions": 226181, "episodes": 512, "updates": 2991082}
{"event": "training_block_complete", "life": 1, "query": "risk_goal", "phase": "B", "method": "DELAY", "transitions": 251062, "episodes": 576, "updates": 3059308}
{"event": "training_block_complete", "life": 2, "query": "risk_goal", "phase": "B", "method": "DELAY", "transitions": 254518, "episodes": 576, "updates": 3073506}
{"event": "training_block_complete", "life": 3, "query": "risk_goal", "phase": "B", "method": "DELAY", "transitions": 234065, "episodes": 512, "updates": 3038289}
{"event": "training_block_complete", "life": 0, "query": "risk_goal", "phase": "B", "method": "DELAY", "transitions": 258212, "episodes": 576, "updates": 3023080}
{"event": "training_block_complete", "life": 1, "query": "risk_goal", "phase": "B", "method": "DELAY", "transitions": 278886, "episodes": 640, "updates": 3087145}
{"event": "training_block_complete", "life": 2, "query": "risk_goal", "phase": "B", "method": "DELAY", "transitions": 285555, "episodes": 640, "updates": 3104545}
{"event": "training_block_complete", "life": 3, "query": "risk_goal", "phase": "B", "method": "DELAY", "transitions": 264974, "episodes": 576, "updates": 3069200}
{"event": "training_block_complete", "life": 0, "query": "risk_goal", "phase": "B", "method": "DELAY", "transitions": 291305, "episodes": 640, "updates": 3056166}
{"event": "training_block_complete", "life": 1, "query": "risk_goal", "phase": "B", "method": "DELAY", "transitions": 309652, "episodes": 704, "updates": 3117926}
{"event": "training_block_complete", "life": 3, "query": "risk_goal", "phase": "B", "method": "DELAY", "transitions": 295543, "episodes": 640, "updates": 3099728}
{"event": "training_block_complete", "life": 2, "query": "risk_goal", "phase": "B", "method": "DELAY", "transitions": 317148, "episodes": 704, "updates": 3136160}
{"event": "training_block_complete", "life": 0, "query": "risk_goal", "phase": "B", "method": "DELAY", "transitions": 319983, "episodes": 704, "updates": 3084836}
{"event": "training_block_complete", "life": 1, "query": "risk_goal", "phase": "B", "method": "DELAY", "transitions": 339805, "episodes": 768, "updates": 3148068}
{"event": "training_block_complete", "life": 2, "query": "risk_goal", "phase": "B", "method": "DELAY", "transitions": 346953, "episodes": 768, "updates": 3165981}
{"event": "training_block_complete", "life": 3, "query": "risk_goal", "phase": "B", "method": "DELAY", "transitions": 326235, "episodes": 704, "updates": 3130447}
{"event": "training_block_complete", "life": 0, "query": "risk_goal", "phase": "B", "method": "DELAY", "transitions": 350793, "episodes": 768, "updates": 3115683}
{"event": "training_block_complete", "life": 1, "query": "risk_goal", "phase": "B", "method": "DELAY", "transitions": 369285, "episodes": 832, "updates": 3177570}
{"event": "training_block_complete", "life": 2, "query": "risk_goal", "phase": "B", "method": "DELAY", "transitions": 378091, "episodes": 832, "updates": 3197082}
{"event": "training_block_complete", "life": 3, "query": "risk_goal", "phase": "B", "method": "DELAY", "transitions": 355707, "episodes": 768, "updates": 3159886}
{"event": "training_block_complete", "life": 0, "query": "risk_goal", "phase": "B", "method": "DELAY", "transitions": 381954, "episodes": 832, "updates": 3146849}
{"event": "training_block_complete", "life": 1, "query": "risk_goal", "phase": "B", "method": "DELAY", "transitions": 400226, "episodes": 896, "updates": 3208482}
{"event": "training_block_complete", "life": 3, "query": "risk_goal", "phase": "B", "method": "DELAY", "transitions": 384730, "episodes": 832, "updates": 3188940}
{"event": "training_block_complete", "life": 2, "query": "risk_goal", "phase": "B", "method": "DELAY", "transitions": 409376, "episodes": 896, "updates": 3228375}
{"event": "training_block_complete", "life": 0, "query": "risk_goal", "phase": "B", "method": "DELAY", "transitions": 413994, "episodes": 896, "updates": 3178846}
{"event": "training_block_complete", "life": 1, "query": "risk_goal", "phase": "B", "method": "DELAY", "transitions": 429685, "episodes": 960, "updates": 3237920}
{"event": "training_block_complete", "life": 3, "query": "risk_goal", "phase": "B", "method": "DELAY", "transitions": 416769, "episodes": 896, "updates": 3221002}
{"event": "training_block_complete", "life": 2, "query": "risk_goal", "phase": "B", "method": "DELAY", "transitions": 440808, "episodes": 960, "updates": 3259796}
{"event": "training_block_complete", "life": 0, "query": "risk_goal", "phase": "B", "method": "DELAY", "transitions": 444458, "episodes": 960, "updates": 3209310}
{"event": "training_block_complete", "life": 1, "query": "risk_goal", "phase": "B", "method": "DELAY", "transitions": 463976, "episodes": 1024, "updates": 3272219}
{"event": "training_block_complete", "life": 3, "query": "risk_goal", "phase": "B", "method": "DELAY", "transitions": 449410, "episodes": 960, "updates": 3253639}
{"event": "training_block_complete", "life": 2, "query": "risk_goal", "phase": "B", "method": "DELAY", "transitions": 473136, "episodes": 1024, "updates": 3292115}
{"event": "training_block_complete", "life": 0, "query": "risk_goal", "phase": "B", "method": "DELAY", "transitions": 475297, "episodes": 1024, "updates": 3240156}
{"event": "training_block_complete", "life": 1, "query": "risk_goal", "phase": "B", "method": "DELAY", "transitions": 494821, "episodes": 1088, "updates": 3303067}
{"event": "training_block_complete", "life": 2, "query": "risk_goal", "phase": "B", "method": "DELAY", "transitions": 504670, "episodes": 1088, "updates": 3323666}
{"event": "training_block_complete", "life": 3, "query": "risk_goal", "phase": "B", "method": "DELAY", "transitions": 481117, "episodes": 1024, "updates": 3285318}
{"event": "training_block_complete", "life": 0, "query": "risk_goal", "phase": "B", "method": "DELAY", "transitions": 508347, "episodes": 1088, "updates": 3273178}
{"event": "training_block_complete", "life": 1, "query": "risk_goal", "phase": "B", "method": "DELAY", "transitions": 524288, "episodes": 1150, "updates": 3332569}
{"event": "training_block_complete", "life": 2, "query": "risk_goal", "phase": "B", "method": "DELAY", "transitions": 524288, "episodes": 1128, "updates": 3343313}
{"event": "training_block_complete", "life": 3, "query": "risk_goal", "phase": "B", "method": "DELAY", "transitions": 511662, "episodes": 1088, "updates": 3315843}
{"event": "training_block_complete", "life": 0, "query": "risk_goal", "phase": "B", "method": "DELAY", "transitions": 524288, "episodes": 1123, "updates": 3289176}
{"event": "training_block_complete", "life": 3, "query": "risk_goal", "phase": "B", "method": "DELAY", "transitions": 524288, "episodes": 1116, "updates": 3328512}
{"event": "training_block_complete", "life": 1, "query": "risk_goal", "phase": "B", "method": "BANK", "transitions": 26337, "episodes": 64, "updates": 2834613}
{"event": "training_block_complete", "life": 2, "query": "risk_goal", "phase": "B", "method": "BANK", "transitions": 27178, "episodes": 64, "updates": 2846182}
{"event": "training_block_complete", "life": 0, "query": "risk_goal", "phase": "B", "method": "BANK", "transitions": 26842, "episodes": 64, "updates": 2791726}
{"event": "training_block_complete", "life": 1, "query": "risk_goal", "phase": "B", "method": "BANK", "transitions": 52756, "episodes": 128, "updates": 2861045}
{"event": "training_block_complete", "life": 3, "query": "risk_goal", "phase": "B", "method": "BANK", "transitions": 25929, "episodes": 64, "updates": 2830178}
{"event": "training_block_complete", "life": 2, "query": "risk_goal", "phase": "B", "method": "BANK", "transitions": 54238, "episodes": 128, "updates": 2873253}
{"event": "training_block_complete", "life": 0, "query": "risk_goal", "phase": "B", "method": "BANK", "transitions": 55844, "episodes": 128, "updates": 2820718}
{"event": "training_block_complete", "life": 1, "query": "risk_goal", "phase": "B", "method": "BANK", "transitions": 80454, "episodes": 192, "updates": 2888756}
{"event": "training_block_complete", "life": 3, "query": "risk_goal", "phase": "B", "method": "BANK", "transitions": 55300, "episodes": 128, "updates": 2859554}
{"event": "training_block_complete", "life": 2, "query": "risk_goal", "phase": "B", "method": "BANK", "transitions": 82892, "episodes": 192, "updates": 2901925}
{"event": "training_block_complete", "life": 0, "query": "risk_goal", "phase": "B", "method": "BANK", "transitions": 84704, "episodes": 192, "updates": 2849581}
{"event": "training_block_complete", "life": 1, "query": "risk_goal", "phase": "B", "method": "BANK", "transitions": 108429, "episodes": 256, "updates": 2916723}
{"event": "training_block_complete", "life": 3, "query": "risk_goal", "phase": "B", "method": "BANK", "transitions": 82424, "episodes": 192, "updates": 2886622}
{"event": "training_block_complete", "life": 2, "query": "risk_goal", "phase": "B", "method": "BANK", "transitions": 111221, "episodes": 256, "updates": 2930212}
{"event": "training_block_complete", "life": 0, "query": "risk_goal", "phase": "B", "method": "BANK", "transitions": 113404, "episodes": 256, "updates": 2878253}
{"event": "training_block_complete", "life": 1, "query": "risk_goal", "phase": "B", "method": "BANK", "transitions": 135775, "episodes": 320, "updates": 2944051}
{"event": "training_block_complete", "life": 3, "query": "risk_goal", "phase": "B", "method": "BANK", "transitions": 111448, "episodes": 256, "updates": 2915677}
{"event": "training_block_complete", "life": 2, "query": "risk_goal", "phase": "B", "method": "BANK", "transitions": 138093, "episodes": 320, "updates": 2957092}
{"event": "training_block_complete", "life": 0, "query": "risk_goal", "phase": "B", "method": "BANK", "transitions": 140376, "episodes": 320, "updates": 2905261}
{"event": "training_block_complete", "life": 1, "query": "risk_goal", "phase": "B", "method": "BANK", "transitions": 163098, "episodes": 384, "updates": 2971377}
{"event": "training_block_complete", "life": 2, "query": "risk_goal", "phase": "B", "method": "BANK", "transitions": 169113, "episodes": 384, "updates": 2988132}
{"event": "training_block_complete", "life": 3, "query": "risk_goal", "phase": "B", "method": "BANK", "transitions": 143127, "episodes": 320, "updates": 2947355}
{"event": "training_block_complete", "life": 0, "query": "risk_goal", "phase": "B", "method": "BANK", "transitions": 168161, "episodes": 384, "updates": 2933037}
{"event": "training_block_complete", "life": 1, "query": "risk_goal", "phase": "B", "method": "BANK", "transitions": 191042, "episodes": 448, "updates": 2999343}
{"event": "training_block_complete", "life": 2, "query": "risk_goal", "phase": "B", "method": "BANK", "transitions": 197610, "episodes": 448, "updates": 3016611}
{"event": "training_block_complete", "life": 3, "query": "risk_goal", "phase": "B", "method": "BANK", "transitions": 172618, "episodes": 384, "updates": 2976858}
{"event": "training_block_complete", "life": 0, "query": "risk_goal", "phase": "B", "method": "BANK", "transitions": 195310, "episodes": 448, "updates": 2960171}
{"event": "training_block_complete", "life": 1, "query": "risk_goal", "phase": "B", "method": "BANK", "transitions": 220904, "episodes": 512, "updates": 3029165}
{"event": "training_block_complete", "life": 3, "query": "risk_goal", "phase": "B", "method": "BANK", "transitions": 202596, "episodes": 448, "updates": 3006806}
{"event": "training_block_complete", "life": 2, "query": "risk_goal", "phase": "B", "method": "BANK", "transitions": 225702, "episodes": 512, "updates": 3044707}
{"event": "training_block_complete", "life": 0, "query": "risk_goal", "phase": "B", "method": "BANK", "transitions": 226181, "episodes": 512, "updates": 2991082}
{"event": "training_block_complete", "life": 1, "query": "risk_goal", "phase": "B", "method": "BANK", "transitions": 251062, "episodes": 576, "updates": 3059308}
{"event": "training_block_complete", "life": 2, "query": "risk_goal", "phase": "B", "method": "BANK", "transitions": 254518, "episodes": 576, "updates": 3073506}
{"event": "training_block_complete", "life": 3, "query": "risk_goal", "phase": "B", "method": "BANK", "transitions": 234065, "episodes": 512, "updates": 3038289}
{"event": "training_block_complete", "life": 0, "query": "risk_goal", "phase": "B", "method": "BANK", "transitions": 258212, "episodes": 576, "updates": 3023080}
{"event": "training_block_complete", "life": 1, "query": "risk_goal", "phase": "B", "method": "BANK", "transitions": 278886, "episodes": 640, "updates": 3087145}
{"event": "training_block_complete", "life": 2, "query": "risk_goal", "phase": "B", "method": "BANK", "transitions": 285555, "episodes": 640, "updates": 3104545}
{"event": "training_block_complete", "life": 3, "query": "risk_goal", "phase": "B", "method": "BANK", "transitions": 264974, "episodes": 576, "updates": 3069200}
{"event": "training_block_complete", "life": 0, "query": "risk_goal", "phase": "B", "method": "BANK", "transitions": 291305, "episodes": 640, "updates": 3056166}
{"event": "training_block_complete", "life": 1, "query": "risk_goal", "phase": "B", "method": "BANK", "transitions": 309652, "episodes": 704, "updates": 3117926}
{"event": "training_block_complete", "life": 2, "query": "risk_goal", "phase": "B", "method": "BANK", "transitions": 317148, "episodes": 704, "updates": 3136160}
{"event": "training_block_complete", "life": 3, "query": "risk_goal", "phase": "B", "method": "BANK", "transitions": 295543, "episodes": 640, "updates": 3099728}
{"event": "training_block_complete", "life": 0, "query": "risk_goal", "phase": "B", "method": "BANK", "transitions": 319983, "episodes": 704, "updates": 3084836}
{"event": "training_block_complete", "life": 1, "query": "risk_goal", "phase": "B", "method": "BANK", "transitions": 339805, "episodes": 768, "updates": 3148068}
{"event": "training_block_complete", "life": 2, "query": "risk_goal", "phase": "B", "method": "BANK", "transitions": 346953, "episodes": 768, "updates": 3165981}
{"event": "training_block_complete", "life": 3, "query": "risk_goal", "phase": "B", "method": "BANK", "transitions": 326235, "episodes": 704, "updates": 3130447}
{"event": "training_block_complete", "life": 0, "query": "risk_goal", "phase": "B", "method": "BANK", "transitions": 350793, "episodes": 768, "updates": 3115683}
{"event": "training_block_complete", "life": 1, "query": "risk_goal", "phase": "B", "method": "BANK", "transitions": 369285, "episodes": 832, "updates": 3177570}
{"event": "training_block_complete", "life": 2, "query": "risk_goal", "phase": "B", "method": "BANK", "transitions": 378091, "episodes": 832, "updates": 3197082}
{"event": "training_block_complete", "life": 3, "query": "risk_goal", "phase": "B", "method": "BANK", "transitions": 355707, "episodes": 768, "updates": 3159886}
{"event": "training_block_complete", "life": 0, "query": "risk_goal", "phase": "B", "method": "BANK", "transitions": 381954, "episodes": 832, "updates": 3146849}
{"event": "training_block_complete", "life": 1, "query": "risk_goal", "phase": "B", "method": "BANK", "transitions": 400226, "episodes": 896, "updates": 3208482}
{"event": "training_block_complete", "life": 2, "query": "risk_goal", "phase": "B", "method": "BANK", "transitions": 409376, "episodes": 896, "updates": 3228375}
{"event": "training_block_complete", "life": 3, "query": "risk_goal", "phase": "B", "method": "BANK", "transitions": 384730, "episodes": 832, "updates": 3188940}
{"event": "training_block_complete", "life": 1, "query": "risk_goal", "phase": "B", "method": "BANK", "transitions": 429685, "episodes": 960, "updates": 3237920}
{"event": "training_block_complete", "life": 0, "query": "risk_goal", "phase": "B", "method": "BANK", "transitions": 413994, "episodes": 896, "updates": 3178846}
{"event": "training_block_complete", "life": 2, "query": "risk_goal", "phase": "B", "method": "BANK", "transitions": 440808, "episodes": 960, "updates": 3259796}
{"event": "training_block_complete", "life": 3, "query": "risk_goal", "phase": "B", "method": "BANK", "transitions": 416769, "episodes": 896, "updates": 3221002}
{"event": "training_block_complete", "life": 0, "query": "risk_goal", "phase": "B", "method": "BANK", "transitions": 444458, "episodes": 960, "updates": 3209310}
{"event": "training_block_complete", "life": 1, "query": "risk_goal", "phase": "B", "method": "BANK", "transitions": 463976, "episodes": 1024, "updates": 3272219}
{"event": "training_block_complete", "life": 2, "query": "risk_goal", "phase": "B", "method": "BANK", "transitions": 473136, "episodes": 1024, "updates": 3292115}
{"event": "training_block_complete", "life": 3, "query": "risk_goal", "phase": "B", "method": "BANK", "transitions": 449410, "episodes": 960, "updates": 3253639}
{"event": "training_block_complete", "life": 0, "query": "risk_goal", "phase": "B", "method": "BANK", "transitions": 475297, "episodes": 1024, "updates": 3240156}
{"event": "training_block_complete", "life": 1, "query": "risk_goal", "phase": "B", "method": "BANK", "transitions": 494821, "episodes": 1088, "updates": 3303067}
{"event": "training_block_complete", "life": 2, "query": "risk_goal", "phase": "B", "method": "BANK", "transitions": 504670, "episodes": 1088, "updates": 3323666}
{"event": "training_block_complete", "life": 3, "query": "risk_goal", "phase": "B", "method": "BANK", "transitions": 481117, "episodes": 1024, "updates": 3285318}
{"event": "training_block_complete", "life": 1, "query": "risk_goal", "phase": "B", "method": "BANK", "transitions": 524288, "episodes": 1150, "updates": 3332569}
{"event": "training_block_complete", "life": 0, "query": "risk_goal", "phase": "B", "method": "BANK", "transitions": 508347, "episodes": 1088, "updates": 3273178}
{"event": "training_block_complete", "life": 2, "query": "risk_goal", "phase": "B", "method": "BANK", "transitions": 524288, "episodes": 1128, "updates": 3343313}
{"event": "training_block_complete", "life": 0, "query": "risk_goal", "phase": "B", "method": "BANK", "transitions": 524288, "episodes": 1123, "updates": 3289176}
{"event": "training_block_complete", "life": 3, "query": "risk_goal", "phase": "B", "method": "BANK", "transitions": 511662, "episodes": 1088, "updates": 3315843}
{"event": "training_block_complete", "life": 3, "query": "risk_goal", "phase": "B", "method": "BANK", "transitions": 524288, "episodes": 1116, "updates": 3328512}
{"event": "training_block_complete", "life": 1, "query": "risk_goal", "phase": "A_RETURN", "method": "CONT", "transitions": 54229, "episodes": 64, "updates": 3386930}
{"event": "training_block_complete", "life": 2, "query": "risk_goal", "phase": "A_RETURN", "method": "CONT", "transitions": 54287, "episodes": 64, "updates": 3397725}
{"event": "training_block_complete", "life": 0, "query": "risk_goal", "phase": "A_RETURN", "method": "CONT", "transitions": 54685, "episodes": 64, "updates": 3343980}
{"event": "training_block_complete", "life": 3, "query": "risk_goal", "phase": "A_RETURN", "method": "CONT", "transitions": 54249, "episodes": 64, "updates": 3382890}
{"event": "training_block_complete", "life": 1, "query": "risk_goal", "phase": "A_RETURN", "method": "CONT", "transitions": 108555, "episodes": 128, "updates": 3441249}
{"event": "training_block_complete", "life": 2, "query": "risk_goal", "phase": "A_RETURN", "method": "CONT", "transitions": 109860, "episodes": 128, "updates": 3453289}
{"event": "training_block_complete", "life": 0, "query": "risk_goal", "phase": "A_RETURN", "method": "CONT", "transitions": 108890, "episodes": 128, "updates": 3398180}
{"event": "training_block_complete", "life": 3, "query": "risk_goal", "phase": "A_RETURN", "method": "CONT", "transitions": 108502, "episodes": 128, "updates": 3437136}
{"event": "training_block_complete", "life": 1, "query": "risk_goal", "phase": "A_RETURN", "method": "CONT", "transitions": 164142, "episodes": 192, "updates": 3496826}
{"event": "training_block_complete", "life": 2, "query": "risk_goal", "phase": "A_RETURN", "method": "CONT", "transitions": 165679, "episodes": 192, "updates": 3509100}
{"event": "training_block_complete", "life": 0, "query": "risk_goal", "phase": "A_RETURN", "method": "CONT", "transitions": 162214, "episodes": 192, "updates": 3451495}
{"event": "training_block_complete", "life": 3, "query": "risk_goal", "phase": "A_RETURN", "method": "CONT", "transitions": 165181, "episodes": 192, "updates": 3493809}
{"event": "training_block_complete", "life": 1, "query": "risk_goal", "phase": "A_RETURN", "method": "CONT", "transitions": 216882, "episodes": 256, "updates": 3549558}
{"event": "training_block_complete", "life": 2, "query": "risk_goal", "phase": "A_RETURN", "method": "CONT", "transitions": 221866, "episodes": 256, "updates": 3565280}
{"event": "training_block_complete", "life": 0, "query": "risk_goal", "phase": "A_RETURN", "method": "CONT", "transitions": 214226, "episodes": 256, "updates": 3503502}
{"event": "training_block_complete", "life": 3, "query": "risk_goal", "phase": "A_RETURN", "method": "CONT", "transitions": 219280, "episodes": 256, "updates": 3547897}
{"event": "training_block_complete", "life": 1, "query": "risk_goal", "phase": "A_RETURN", "method": "CONT", "transitions": 272202, "episodes": 320, "updates": 3604869}
{"event": "training_block_complete", "life": 2, "query": "risk_goal", "phase": "A_RETURN", "method": "CONT", "transitions": 277156, "episodes": 320, "updates": 3620559}
{"event": "training_block_complete", "life": 0, "query": "risk_goal", "phase": "A_RETURN", "method": "CONT", "transitions": 268515, "episodes": 320, "updates": 3557777}
{"event": "training_block_complete", "life": 3, "query": "risk_goal", "phase": "A_RETURN", "method": "CONT", "transitions": 276245, "episodes": 320, "updates": 3604851}
{"event": "training_block_complete", "life": 1, "query": "risk_goal", "phase": "A_RETURN", "method": "CONT", "transitions": 327510, "episodes": 384, "updates": 3660172}
{"event": "training_block_complete", "life": 2, "query": "risk_goal", "phase": "A_RETURN", "method": "CONT", "transitions": 336596, "episodes": 384, "updates": 3679988}
{"event": "training_block_complete", "life": 0, "query": "risk_goal", "phase": "A_RETURN", "method": "CONT", "transitions": 324806, "episodes": 384, "updates": 3614057}
{"event": "training_block_complete", "life": 3, "query": "risk_goal", "phase": "A_RETURN", "method": "CONT", "transitions": 330626, "episodes": 384, "updates": 3659218}
{"event": "training_block_complete", "life": 1, "query": "risk_goal", "phase": "A_RETURN", "method": "CONT", "transitions": 381242, "episodes": 448, "updates": 3713897}
{"event": "training_block_complete", "life": 2, "query": "risk_goal", "phase": "A_RETURN", "method": "CONT", "transitions": 392753, "episodes": 448, "updates": 3736135}
{"event": "training_block_complete", "life": 0, "query": "risk_goal", "phase": "A_RETURN", "method": "CONT", "transitions": 381861, "episodes": 448, "updates": 3671103}
{"event": "training_block_complete", "life": 3, "query": "risk_goal", "phase": "A_RETURN", "method": "CONT", "transitions": 388647, "episodes": 448, "updates": 3717229}
{"event": "training_block_complete", "life": 1, "query": "risk_goal", "phase": "A_RETURN", "method": "CONT", "transitions": 436152, "episodes": 512, "updates": 3768799}
{"event": "training_block_complete", "life": 2, "query": "risk_goal", "phase": "A_RETURN", "method": "CONT", "transitions": 449486, "episodes": 512, "updates": 3792855}
{"event": "training_block_complete", "life": 0, "query": "risk_goal", "phase": "A_RETURN", "method": "CONT", "transitions": 437115, "episodes": 512, "updates": 3726349}
{"event": "training_block_complete", "life": 3, "query": "risk_goal", "phase": "A_RETURN", "method": "CONT", "transitions": 444329, "episodes": 512, "updates": 3772901}
{"event": "training_block_complete", "life": 1, "query": "risk_goal", "phase": "A_RETURN", "method": "CONT", "transitions": 490745, "episodes": 576, "updates": 3823387}
{"event": "training_block_complete", "life": 0, "query": "risk_goal", "phase": "A_RETURN", "method": "CONT", "transitions": 489504, "episodes": 576, "updates": 3778730}
{"event": "training_block_complete", "life": 2, "query": "risk_goal", "phase": "A_RETURN", "method": "CONT", "transitions": 505311, "episodes": 576, "updates": 3848666}
{"event": "training_block_complete", "life": 1, "query": "risk_goal", "phase": "A_RETURN", "method": "CONT", "transitions": 524288, "episodes": 614, "updates": 3856923}
{"event": "training_block_complete", "life": 2, "query": "risk_goal", "phase": "A_RETURN", "method": "CONT", "transitions": 524288, "episodes": 597, "updates": 3867639}
{"event": "training_block_complete", "life": 3, "query": "risk_goal", "phase": "A_RETURN", "method": "CONT", "transitions": 499813, "episodes": 576, "updates": 3828381}
{"event": "training_block_complete", "life": 0, "query": "risk_goal", "phase": "A_RETURN", "method": "CONT", "transitions": 524288, "episodes": 616, "updates": 3813505}
{"event": "training_block_complete", "life": 3, "query": "risk_goal", "phase": "A_RETURN", "method": "CONT", "transitions": 524288, "episodes": 604, "updates": 3852854}
{"event": "training_block_complete", "life": 1, "query": "risk_goal", "phase": "A_RETURN", "method": "DELAY", "transitions": 54882, "episodes": 64, "updates": 3387278}
{"event": "training_block_complete", "life": 2, "query": "risk_goal", "phase": "A_RETURN", "method": "DELAY", "transitions": 58335, "episodes": 64, "updates": 3401477}
{"event": "training_block_complete", "life": 0, "query": "risk_goal", "phase": "A_RETURN", "method": "DELAY", "transitions": 50956, "episodes": 64, "updates": 3339988}
{"event": "training_block_complete", "life": 3, "query": "risk_goal", "phase": "A_RETURN", "method": "DELAY", "transitions": 53901, "episodes": 64, "updates": 3382261}
{"event": "training_block_complete", "life": 1, "query": "risk_goal", "phase": "A_RETURN", "method": "DELAY", "transitions": 108891, "episodes": 128, "updates": 3441286}
{"event": "training_block_complete", "life": 2, "query": "risk_goal", "phase": "A_RETURN", "method": "DELAY", "transitions": 111905, "episodes": 128, "updates": 3455039}
{"event": "training_block_complete", "life": 0, "query": "risk_goal", "phase": "A_RETURN", "method": "DELAY", "transitions": 106311, "episodes": 128, "updates": 3395341}
{"event": "training_block_complete", "life": 3, "query": "risk_goal", "phase": "A_RETURN", "method": "DELAY", "transitions": 105650, "episodes": 128, "updates": 3433970}
{"event": "training_block_complete", "life": 1, "query": "risk_goal", "phase": "A_RETURN", "method": "DELAY", "transitions": 162535, "episodes": 192, "updates": 3494911}
{"event": "training_block_complete", "life": 0, "query": "risk_goal", "phase": "A_RETURN", "method": "DELAY", "transitions": 159439, "episodes": 192, "updates": 3448453}
{"event": "training_block_complete", "life": 2, "query": "risk_goal", "phase": "A_RETURN", "method": "DELAY", "transitions": 166632, "episodes": 192, "updates": 3509745}
{"event": "training_block_complete", "life": 3, "query": "risk_goal", "phase": "A_RETURN", "method": "DELAY", "transitions": 160363, "episodes": 192, "updates": 3488679}
{"event": "training_block_complete", "life": 1, "query": "risk_goal", "phase": "A_RETURN", "method": "DELAY", "transitions": 217455, "episodes": 256, "updates": 3549814}
{"event": "training_block_complete", "life": 0, "query": "risk_goal", "phase": "A_RETURN", "method": "DELAY", "transitions": 212123, "episodes": 256, "updates": 3501119}
{"event": "training_block_complete", "life": 2, "query": "risk_goal", "phase": "A_RETURN", "method": "DELAY", "transitions": 220736, "episodes": 256, "updates": 3563878}
{"event": "training_block_complete", "life": 3, "query": "risk_goal", "phase": "A_RETURN", "method": "DELAY", "transitions": 214562, "episodes": 256, "updates": 3542880}
{"event": "training_block_complete", "life": 1, "query": "risk_goal", "phase": "A_RETURN", "method": "DELAY", "transitions": 275221, "episodes": 320, "updates": 3607589}
{"event": "training_block_complete", "life": 2, "query": "risk_goal", "phase": "A_RETURN", "method": "DELAY", "transitions": 273398, "episodes": 320, "updates": 3616478}
{"event": "training_block_complete", "life": 0, "query": "risk_goal", "phase": "A_RETURN", "method": "DELAY", "transitions": 269842, "episodes": 320, "updates": 3558839}
{"event": "training_block_complete", "life": 3, "query": "risk_goal", "phase": "A_RETURN", "method": "DELAY", "transitions": 268545, "episodes": 320, "updates": 3596887}
{"event": "training_block_complete", "life": 1, "query": "risk_goal", "phase": "A_RETURN", "method": "DELAY", "transitions": 329192, "episodes": 384, "updates": 3661532}
{"event": "training_block_complete", "life": 0, "query": "risk_goal", "phase": "A_RETURN", "method": "DELAY", "transitions": 324070, "episodes": 384, "updates": 3613042}
{"event": "training_block_complete", "life": 2, "query": "risk_goal", "phase": "A_RETURN", "method": "DELAY", "transitions": 328503, "episodes": 384, "updates": 3671578}
{"event": "training_block_complete", "life": 3, "query": "risk_goal", "phase": "A_RETURN", "method": "DELAY", "transitions": 325342, "episodes": 384, "updates": 3653649}
{"event": "training_block_complete", "life": 1, "query": "risk_goal", "phase": "A_RETURN", "method": "DELAY", "transitions": 387758, "episodes": 448, "updates": 3720078}
{"event": "training_block_complete", "life": 0, "query": "risk_goal", "phase": "A_RETURN", "method": "DELAY", "transitions": 376442, "episodes": 448, "updates": 3665388}
{"event": "training_block_complete", "life": 2, "query": "risk_goal", "phase": "A_RETURN", "method": "DELAY", "transitions": 384534, "episodes": 448, "updates": 3727627}
{"event": "training_block_complete", "life": 3, "query": "risk_goal", "phase": "A_RETURN", "method": "DELAY", "transitions": 380263, "episodes": 448, "updates": 3708558}
{"event": "training_block_complete", "life": 1, "query": "risk_goal", "phase": "A_RETURN", "method": "DELAY", "transitions": 440049, "episodes": 512, "updates": 3772357}
{"event": "training_block_complete", "life": 0, "query": "risk_goal", "phase": "A_RETURN", "method": "DELAY", "transitions": 430747, "episodes": 512, "updates": 3719718}
{"event": "training_block_complete", "life": 2, "query": "risk_goal", "phase": "A_RETURN", "method": "DELAY", "transitions": 437638, "episodes": 512, "updates": 3780740}
{"event": "training_block_complete", "life": 3, "query": "risk_goal", "phase": "A_RETURN", "method": "DELAY", "transitions": 435922, "episodes": 512, "updates": 3764231}
{"event": "training_block_complete", "life": 0, "query": "risk_goal", "phase": "A_RETURN", "method": "DELAY", "transitions": 485302, "episodes": 576, "updates": 3774238}
{"event": "training_block_complete", "life": 1, "query": "risk_goal", "phase": "A_RETURN", "method": "DELAY", "transitions": 499255, "episodes": 576, "updates": 3831546}
{"event": "training_block_complete", "life": 2, "query": "risk_goal", "phase": "A_RETURN", "method": "DELAY", "transitions": 492431, "episodes": 576, "updates": 3835516}
{"event": "training_block_complete", "life": 1, "query": "risk_goal", "phase": "A_RETURN", "method": "DELAY", "transitions": 524288, "episodes": 605, "updates": 3856627}
{"event": "training_block_complete", "life": 3, "query": "risk_goal", "phase": "A_RETURN", "method": "DELAY", "transitions": 493606, "episodes": 576, "updates": 3821883}
{"event": "training_block_complete", "life": 0, "query": "risk_goal", "phase": "A_RETURN", "method": "DELAY", "transitions": 524288, "episodes": 625, "updates": 3813273}
{"event": "training_block_complete", "life": 2, "query": "risk_goal", "phase": "A_RETURN", "method": "DELAY", "transitions": 524288, "episodes": 613, "updates": 3867382}
{"event": "training_block_complete", "life": 3, "query": "risk_goal", "phase": "A_RETURN", "method": "DELAY", "transitions": 524288, "episodes": 611, "updates": 3852595}
{"event": "training_block_complete", "life": 1, "query": "risk_goal", "phase": "A_RETURN", "method": "BANK", "transitions": 56139, "episodes": 64, "updates": 3388556}
{"event": "training_block_complete", "life": 0, "query": "risk_goal", "phase": "A_RETURN", "method": "BANK", "transitions": 51411, "episodes": 64, "updates": 3340431}
{"event": "training_block_complete", "life": 2, "query": "risk_goal", "phase": "A_RETURN", "method": "BANK", "transitions": 54817, "episodes": 64, "updates": 3397962}
{"event": "training_block_complete", "life": 3, "query": "risk_goal", "phase": "A_RETURN", "method": "BANK", "transitions": 52520, "episodes": 64, "updates": 3380855}
{"event": "training_block_complete", "life": 1, "query": "risk_goal", "phase": "A_RETURN", "method": "BANK", "transitions": 108204, "episodes": 128, "updates": 3440580}
{"event": "training_block_complete", "life": 0, "query": "risk_goal", "phase": "A_RETURN", "method": "BANK", "transitions": 105797, "episodes": 128, "updates": 3394820}
{"event": "training_block_complete", "life": 2, "query": "risk_goal", "phase": "A_RETURN", "method": "BANK", "transitions": 108553, "episodes": 128, "updates": 3451717}
{"event": "training_block_complete", "life": 3, "query": "risk_goal", "phase": "A_RETURN", "method": "BANK", "transitions": 106435, "episodes": 128, "updates": 3434801}
{"event": "training_block_complete", "life": 1, "query": "risk_goal", "phase": "A_RETURN", "method": "BANK", "transitions": 164096, "episodes": 192, "updates": 3496506}
{"event": "training_block_complete", "life": 0, "query": "risk_goal", "phase": "A_RETURN", "method": "BANK", "transitions": 157961, "episodes": 192, "updates": 3446974}
{"event": "training_block_complete", "life": 2, "query": "risk_goal", "phase": "A_RETURN", "method": "BANK", "transitions": 160474, "episodes": 192, "updates": 3503614}
{"event": "training_block_complete", "life": 3, "query": "risk_goal", "phase": "A_RETURN", "method": "BANK", "transitions": 160470, "episodes": 192, "updates": 3488812}
{"event": "training_block_complete", "life": 1, "query": "risk_goal", "phase": "A_RETURN", "method": "BANK", "transitions": 215850, "episodes": 256, "updates": 3548213}
{"event": "training_block_complete", "life": 0, "query": "risk_goal", "phase": "A_RETURN", "method": "BANK", "transitions": 212793, "episodes": 256, "updates": 3501752}
{"event": "training_block_complete", "life": 2, "query": "risk_goal", "phase": "A_RETURN", "method": "BANK", "transitions": 213550, "episodes": 256, "updates": 3556667}
{"event": "training_block_complete", "life": 3, "query": "risk_goal", "phase": "A_RETURN", "method": "BANK", "transitions": 212817, "episodes": 256, "updates": 3541152}
{"event": "training_block_complete", "life": 1, "query": "risk_goal", "phase": "A_RETURN", "method": "BANK", "transitions": 269484, "episodes": 320, "updates": 3601837}
{"event": "training_block_complete", "life": 2, "query": "risk_goal", "phase": "A_RETURN", "method": "BANK", "transitions": 266560, "episodes": 320, "updates": 3609716}
{"event": "training_block_complete", "life": 0, "query": "risk_goal", "phase": "A_RETURN", "method": "BANK", "transitions": 266471, "episodes": 320, "updates": 3555441}
{"event": "training_block_complete", "life": 3, "query": "risk_goal", "phase": "A_RETURN", "method": "BANK", "transitions": 265580, "episodes": 320, "updates": 3593881}
{"event": "training_block_complete", "life": 1, "query": "risk_goal", "phase": "A_RETURN", "method": "BANK", "transitions": 320363, "episodes": 384, "updates": 3652710}
{"event": "training_block_complete", "life": 0, "query": "risk_goal", "phase": "A_RETURN", "method": "BANK", "transitions": 320162, "episodes": 384, "updates": 3609135}
{"event": "training_block_complete", "life": 2, "query": "risk_goal", "phase": "A_RETURN", "method": "BANK", "transitions": 323116, "episodes": 384, "updates": 3666218}
{"event": "training_block_complete", "life": 3, "query": "risk_goal", "phase": "A_RETURN", "method": "BANK", "transitions": 318984, "episodes": 384, "updates": 3647314}
{"event": "training_block_complete", "life": 1, "query": "risk_goal", "phase": "A_RETURN", "method": "BANK", "transitions": 372274, "episodes": 448, "updates": 3704607}
{"event": "training_block_complete", "life": 0, "query": "risk_goal", "phase": "A_RETURN", "method": "BANK", "transitions": 375554, "episodes": 448, "updates": 3664550}
{"event": "training_block_complete", "life": 2, "query": "risk_goal", "phase": "A_RETURN", "method": "BANK", "transitions": 377938, "episodes": 448, "updates": 3721052}
{"event": "training_block_complete", "life": 3, "query": "risk_goal", "phase": "A_RETURN", "method": "BANK", "transitions": 373616, "episodes": 448, "updates": 3701900}
{"event": "training_block_complete", "life": 1, "query": "risk_goal", "phase": "A_RETURN", "method": "BANK", "transitions": 426098, "episodes": 512, "updates": 3758426}
{"event": "training_block_complete", "life": 0, "query": "risk_goal", "phase": "A_RETURN", "method": "BANK", "transitions": 429482, "episodes": 512, "updates": 3718430}
{"event": "training_block_complete", "life": 2, "query": "risk_goal", "phase": "A_RETURN", "method": "BANK", "transitions": 432640, "episodes": 512, "updates": 3775763}
{"event": "training_block_complete", "life": 1, "query": "risk_goal", "phase": "A_RETURN", "method": "BANK", "transitions": 476682, "episodes": 576, "updates": 3809042}
{"event": "training_block_complete", "life": 3, "query": "risk_goal", "phase": "A_RETURN", "method": "BANK", "transitions": 430495, "episodes": 512, "updates": 3758787}
{"event": "training_block_complete", "life": 0, "query": "risk_goal", "phase": "A_RETURN", "method": "BANK", "transitions": 483712, "episodes": 576, "updates": 3772694}
{"event": "training_block_complete", "life": 2, "query": "risk_goal", "phase": "A_RETURN", "method": "BANK", "transitions": 484832, "episodes": 576, "updates": 3827915}
{"event": "training_block_complete", "life": 1, "query": "risk_goal", "phase": "A_RETURN", "method": "BANK", "transitions": 524288, "episodes": 630, "updates": 3856651}
{"event": "training_block_complete", "life": 3, "query": "risk_goal", "phase": "A_RETURN", "method": "BANK", "transitions": 484947, "episodes": 576, "updates": 3813242}
{"event": "training_block_complete", "life": 0, "query": "risk_goal", "phase": "A_RETURN", "method": "BANK", "transitions": 524288, "episodes": 626, "updates": 3813262}
{"event": "training_block_complete", "life": 2, "query": "risk_goal", "phase": "A_RETURN", "method": "BANK", "transitions": 524288, "episodes": 622, "updates": 3867396}
{"event": "training_block_complete", "life": 3, "query": "risk_goal", "phase": "A_RETURN", "method": "BANK", "transitions": 524288, "episodes": 624, "updates": 3852597}
{"status": "complete", "seconds": 1551.388929312001}
