{"event": "training_block_complete", "life": 2, "query": "reward", "phase": "B", "method": "CONT", "transitions": 22440, "episodes": 64, "updates": 2756463}
{"event": "training_block_complete", "life": 3, "query": "reward", "phase": "B", "method": "CONT", "transitions": 24484, "episodes": 64, "updates": 2752971}
{"event": "training_block_complete", "life": 0, "query": "reward", "phase": "B", "method": "CONT", "transitions": 24918, "episodes": 64, "updates": 2737577}
{"event": "training_block_complete", "life": 1, "query": "reward", "phase": "B", "method": "CONT", "transitions": 27325, "episodes": 64, "updates": 2778521}
{"event": "training_block_complete", "life": 2, "query": "reward", "phase": "B", "method": "CONT", "transitions": 47022, "episodes": 128, "updates": 2781045}
{"event": "training_block_complete", "life": 3, "query": "reward", "phase": "B", "method": "CONT", "transitions": 51960, "episodes": 128, "updates": 2780447}
{"event": "training_block_complete", "life": 0, "query": "reward", "phase": "B", "method": "CONT", "transitions": 48620, "episodes": 128, "updates": 2761279}
{"event": "training_block_complete", "life": 1, "query": "reward", "phase": "B", "method": "CONT", "transitions": 51909, "episodes": 128, "updates": 2803105}
{"event": "training_block_complete", "life": 2, "query": "reward", "phase": "B", "method": "CONT", "transitions": 73910, "episodes": 192, "updates": 2807933}
{"event": "training_block_complete", "life": 0, "query": "reward", "phase": "B", "method": "CONT", "transitions": 72936, "episodes": 192, "updates": 2785595}
{"event": "training_block_complete", "life": 1, "query": "reward", "phase": "B", "method": "CONT", "transitions": 77506, "episodes": 192, "updates": 2828702}
{"event": "training_block_complete", "life": 3, "query": "reward", "phase": "B", "method": "CONT", "transitions": 76648, "episodes": 192, "updates": 2805135}
{"event": "training_block_complete", "life": 2, "query": "reward", "phase": "B", "method": "CONT", "transitions": 98028, "episodes": 256, "updates": 2832051}
{"event": "training_block_complete", "life": 3, "query": "reward", "phase": "B", "method": "CONT", "transitions": 100585, "episodes": 256, "updates": 2829072}
{"event": "training_block_complete", "life": 1, "query": "reward", "phase": "B", "method": "CONT", "transitions": 102807, "episodes": 256, "updates": 2854002}
{"event": "training_block_complete", "life": 0, "query": "reward", "phase": "B", "method": "CONT", "transitions": 99424, "episodes": 256, "updates": 2812083}
{"event": "training_block_complete", "life": 2, "query": "reward", "phase": "B", "method": "CONT", "transitions": 124570, "episodes": 320, "updates": 2858592}
{"event": "training_block_complete", "life": 3, "query": "reward", "phase": "B", "method": "CONT", "transitions": 125958, "episodes": 320, "updates": 2854445}
{"event": "training_block_complete", "life": 1, "query": "reward", "phase": "B", "method": "CONT", "transitions": 128984, "episodes": 320, "updates": 2880179}
{"event": "training_block_complete", "life": 0, "query": "reward", "phase": "B", "method": "CONT", "transitions": 126107, "episodes": 320, "updates": 2838766}
{"event": "training_block_complete", "life": 2, "query": "reward", "phase": "B", "method": "CONT", "transitions": 131099, "episodes": 338, "updates": 2865121}
{"event": "training_block_complete", "life": 3, "query": "reward", "phase": "B", "method": "CONT", "transitions": 131388, "episodes": 333, "updates": 2859875}
{"event": "training_block_complete", "life": 1, "query": "reward", "phase": "B", "method": "CONT", "transitions": 131165, "episodes": 325, "updates": 2882360}
{"event": "training_block_complete", "life": 0, "query": "reward", "phase": "B", "method": "CONT", "transitions": 131367, "episodes": 334, "updates": 2844025}
{"event": "training_block_complete", "life": 2, "query": "reward", "phase": "B", "method": "CONT", "transitions": 151580, "episodes": 384, "updates": 2885602}
{"event": "training_block_complete", "life": 3, "query": "reward", "phase": "B", "method": "CONT", "transitions": 153147, "episodes": 384, "updates": 2881634}
{"event": "training_block_complete", "life": 1, "query": "reward", "phase": "B", "method": "CONT", "transitions": 155770, "episodes": 384, "updates": 2906965}
{"event": "training_block_complete", "life": 0, "query": "reward", "phase": "B", "method": "CONT", "transitions": 152937, "episodes": 384, "updates": 2865594}
{"event": "training_block_complete", "life": 2, "query": "reward", "phase": "B", "method": "CONT", "transitions": 179232, "episodes": 448, "updates": 2913254}
{"event": "training_block_complete", "life": 3, "query": "reward", "phase": "B", "method": "CONT", "transitions": 178119, "episodes": 448, "updates": 2906605}
{"event": "training_block_complete", "life": 1, "query": "reward", "phase": "B", "method": "CONT", "transitions": 183556, "episodes": 448, "updates": 2934751}
{"event": "training_block_complete", "life": 0, "query": "reward", "phase": "B", "method": "CONT", "transitions": 179001, "episodes": 448, "updates": 2891658}
{"event": "training_block_complete", "life": 2, "query": "reward", "phase": "B", "method": "CONT", "transitions": 205365, "episodes": 512, "updates": 2939387}
{"event": "training_block_complete", "life": 3, "query": "reward", "phase": "B", "method": "CONT", "transitions": 206370, "episodes": 512, "updates": 2934856}
{"event": "training_block_complete", "life": 1, "query": "reward", "phase": "B", "method": "CONT", "transitions": 210916, "episodes": 512, "updates": 2962110}
{"event": "training_block_complete", "life": 0, "query": "reward", "phase": "B", "method": "CONT", "transitions": 207171, "episodes": 512, "updates": 2919826}
{"event": "training_block_complete", "life": 2, "query": "reward", "phase": "B", "method": "CONT", "transitions": 232347, "episodes": 576, "updates": 2966369}
{"event": "training_block_complete", "life": 3, "query": "reward", "phase": "B", "method": "CONT", "transitions": 233037, "episodes": 576, "updates": 2961522}
{"event": "training_block_complete", "life": 1, "query": "reward", "phase": "B", "method": "CONT", "transitions": 237911, "episodes": 576, "updates": 2989105}
{"event": "training_block_complete", "life": 0, "query": "reward", "phase": "B", "method": "CONT", "transitions": 234089, "episodes": 576, "updates": 2946744}
{"event": "training_block_complete", "life": 2, "query": "reward", "phase": "B", "method": "CONT", "transitions": 261114, "episodes": 640, "updates": 2995136}
{"event": "training_block_complete", "life": 1, "query": "reward", "phase": "B", "method": "CONT", "transitions": 264279, "episodes": 640, "updates": 3015473}
{"event": "training_block_complete", "life": 3, "query": "reward", "phase": "B", "method": "CONT", "transitions": 261950, "episodes": 640, "updates": 2990431}
{"event": "training_block_complete", "life": 0, "query": "reward", "phase": "B", "method": "CONT", "transitions": 259130, "episodes": 640, "updates": 2971785}
{"event": "training_block_complete", "life": 2, "query": "reward", "phase": "B", "method": "CONT", "transitions": 288299, "episodes": 704, "updates": 3022320}
{"event": "training_block_complete", "life": 1, "query": "reward", "phase": "B", "method": "CONT", "transitions": 294275, "episodes": 704, "updates": 3045467}
{"event": "training_block_complete", "life": 3, "query": "reward", "phase": "B", "method": "CONT", "transitions": 290605, "episodes": 704, "updates": 3019084}
{"event": "training_block_complete", "life": 0, "query": "reward", "phase": "B", "method": "CONT", "transitions": 285890, "episodes": 704, "updates": 2998545}
{"event": "training_block_complete", "life": 2, "query": "reward", "phase": "B", "method": "CONT", "transitions": 315695, "episodes": 768, "updates": 3049714}
{"event": "training_block_complete", "life": 0, "query": "reward", "phase": "B", "method": "CONT", "transitions": 313021, "episodes": 768, "updates": 3025676}
{"event": "training_block_complete", "life": 1, "query": "reward", "phase": "B", "method": "CONT", "transitions": 324516, "episodes": 768, "updates": 3075705}
{"event": "training_block_complete", "life": 3, "query": "reward", "phase": "B", "method": "CONT", "transitions": 318945, "episodes": 768, "updates": 3047423}
{"event": "training_block_complete", "life": 2, "query": "reward", "phase": "B", "method": "CONT", "transitions": 343062, "episodes": 832, "updates": 3077080}
{"event": "training_block_complete", "life": 0, "query": "reward", "phase": "B", "method": "CONT", "transitions": 339610, "episodes": 832, "updates": 3052264}
{"event": "training_block_complete", "life": 3, "query": "reward", "phase": "B", "method": "CONT", "transitions": 348619, "episodes": 832, "updates": 3077095}
{"event": "training_block_complete", "life": 2, "query": "reward", "phase": "B", "method": "CONT", "transitions": 372083, "episodes": 896, "updates": 3106100}
{"event": "training_block_complete", "life": 1, "query": "reward", "phase": "B", "method": "CONT", "transitions": 353678, "episodes": 832, "updates": 3104866}
{"event": "training_block_complete", "life": 0, "query": "reward", "phase": "B", "method": "CONT", "transitions": 367966, "episodes": 896, "updates": 3080620}
{"event": "training_block_complete", "life": 3, "query": "reward", "phase": "B", "method": "CONT", "transitions": 376858, "episodes": 896, "updates": 3105334}
{"event": "training_block_complete", "life": 2, "query": "reward", "phase": "B", "method": "CONT", "transitions": 400856, "episodes": 960, "updates": 3134872}
{"event": "training_block_complete", "life": 1, "query": "reward", "phase": "B", "method": "CONT", "transitions": 384006, "episodes": 896, "updates": 3135194}
{"event": "training_block_complete", "life": 0, "query": "reward", "phase": "B", "method": "CONT", "transitions": 396190, "episodes": 960, "updates": 3108843}
{"event": "training_block_complete", "life": 3, "query": "reward", "phase": "B", "method": "CONT", "transitions": 404313, "episodes": 960, "updates": 3132789}
{"event": "training_block_complete", "life": 2, "query": "reward", "phase": "B", "method": "CONT", "transitions": 431671, "episodes": 1024, "updates": 3165686}
{"event": "training_block_complete", "life": 1, "query": "reward", "phase": "B", "method": "CONT", "transitions": 415423, "episodes": 960, "updates": 3166608}
{"event": "training_block_complete", "life": 0, "query": "reward", "phase": "B", "method": "CONT", "transitions": 423721, "episodes": 1024, "updates": 3136373}
{"event": "training_block_complete", "life": 2, "query": "reward", "phase": "B", "method": "CONT", "transitions": 459951, "episodes": 1088, "updates": 3193964}
{"event": "training_block_complete", "life": 3, "query": "reward", "phase": "B", "method": "CONT", "transitions": 433194, "episodes": 1024, "updates": 3161670}
{"event": "training_block_complete", "life": 1, "query": "reward", "phase": "B", "method": "CONT", "transitions": 445601, "episodes": 1024, "updates": 3196786}
{"event": "training_block_complete", "life": 0, "query": "reward", "phase": "B", "method": "CONT", "transitions": 452079, "episodes": 1088, "updates": 3164731}
{"event": "training_block_complete", "life": 2, "query": "reward", "phase": "B", "method": "CONT", "transitions": 488826, "episodes": 1152, "updates": 3222838}
{"event": "training_block_complete", "life": 3, "query": "reward", "phase": "B", "method": "CONT", "transitions": 463099, "episodes": 1088, "updates": 3191572}
{"event": "training_block_complete", "life": 1, "query": "reward", "phase": "B", "method": "CONT", "transitions": 477989, "episodes": 1088, "updates": 3229173}
{"event": "training_block_complete", "life": 0, "query": "reward", "phase": "B", "method": "CONT", "transitions": 480510, "episodes": 1152, "updates": 3193162}
{"event": "training_block_complete", "life": 2, "query": "reward", "phase": "B", "method": "CONT", "transitions": 519904, "episodes": 1216, "updates": 3253916}
{"event": "training_block_complete", "life": 1, "query": "reward", "phase": "B", "method": "CONT", "transitions": 506666, "episodes": 1152, "updates": 3257848}
{"event": "training_block_complete", "life": 3, "query": "reward", "phase": "B", "method": "CONT", "transitions": 492928, "episodes": 1152, "updates": 3221401}
{"event": "training_block_complete", "life": 2, "query": "reward", "phase": "B", "method": "CONT", "transitions": 524288, "episodes": 1226, "updates": 3258299}
{"event": "training_block_complete", "life": 0, "query": "reward", "phase": "B", "method": "CONT", "transitions": 510299, "episodes": 1216, "updates": 3222947}
{"event": "training_block_complete", "life": 2, "query": "reward", "phase": "B", "method": "RESET", "transitions": 10972, "episodes": 64, "updates": 10972}
{"event": "training_block_complete", "life": 1, "query": "reward", "phase": "B", "method": "CONT", "transitions": 524288, "episodes": 1190, "updates": 3275468}
{"event": "training_block_complete", "life": 3, "query": "reward", "phase": "B", "method": "CONT", "transitions": 522781, "episodes": 1216, "updates": 3251252}
{"event": "training_block_complete", "life": 2, "query": "reward", "phase": "B", "method": "RESET", "transitions": 23221, "episodes": 128, "updates": 23221}
{"event": "training_block_complete", "life": 0, "query": "reward", "phase": "B", "method": "CONT", "transitions": 524288, "episodes": 1245, "updates": 3236933}
{"event": "training_block_complete", "life": 1, "query": "reward", "phase": "B", "method": "RESET", "transitions": 10098, "episodes": 64, "updates": 10098}
{"event": "training_block_complete", "life": 3, "query": "reward", "phase": "B", "method": "CONT", "transitions": 524288, "episodes": 1220, "updates": 3252758}
{"event": "training_block_complete", "life": 2, "query": "reward", "phase": "B", "method": "RESET", "transitions": 37447, "episodes": 192, "updates": 37447}
{"event": "training_block_complete", "life": 1, "query": "reward", "phase": "B", "method": "RESET", "transitions": 21870, "episodes": 128, "updates": 21870}
{"event": "training_block_complete", "life": 3, "query": "reward", "phase": "B", "method": "RESET", "transitions": 10346, "episodes": 64, "updates": 10346}
{"event": "training_block_complete", "life": 0, "query": "reward", "phase": "B", "method": "RESET", "transitions": 10359, "episodes": 64, "updates": 10359}
{"event": "training_block_complete", "life": 2, "query": "reward", "phase": "B", "method": "RESET", "transitions": 51758, "episodes": 256, "updates": 51758}
{"event": "training_block_complete", "life": 3, "query": "reward", "phase": "B", "method": "RESET", "transitions": 22319, "episodes": 128, "updates": 22319}
{"event": "training_block_complete", "life": 1, "query": "reward", "phase": "B", "method": "RESET", "transitions": 36096, "episodes": 192, "updates": 36096}
{"event": "training_block_complete", "life": 0, "query": "reward", "phase": "B", "method": "RESET", "transitions": 21694, "episodes": 128, "updates": 21694}
{"event": "training_block_complete", "life": 2, "query": "reward", "phase": "B", "method": "RESET", "transitions": 66083, "episodes": 320, "updates": 66083}
{"event": "training_block_complete", "life": 3, "query": "reward", "phase": "B", "method": "RESET", "transitions": 35009, "episodes": 192, "updates": 35009}
{"event": "training_block_complete", "life": 1, "query": "reward", "phase": "B", "method": "RESET", "transitions": 50163, "episodes": 256, "updates": 50163}
{"event": "training_block_complete", "life": 0, "query": "reward", "phase": "B", "method": "RESET", "transitions": 34471, "episodes": 192, "updates": 34471}
{"event": "training_block_complete", "life": 2, "query": "reward", "phase": "B", "method": "RESET", "transitions": 81066, "episodes": 384, "updates": 81066}
{"event": "training_block_complete", "life": 3, "query": "reward", "phase": "B", "method": "RESET", "transitions": 48653, "episodes": 256, "updates": 48653}
{"event": "training_block_complete", "life": 1, "query": "reward", "phase": "B", "method": "RESET", "transitions": 64585, "episodes": 320, "updates": 64585}
{"event": "training_block_complete", "life": 0, "query": "reward", "phase": "B", "method": "RESET", "transitions": 46766, "episodes": 256, "updates": 46766}
{"event": "training_block_complete", "life": 3, "query": "reward", "phase": "B", "method": "RESET", "transitions": 62290, "episodes": 320, "updates": 62290}
{"event": "training_block_complete", "life": 0, "query": "reward", "phase": "B", "method": "RESET", "transitions": 61665, "episodes": 320, "updates": 61665}
{"event": "training_block_complete", "life": 2, "query": "reward", "phase": "B", "method": "RESET", "transitions": 97423, "episodes": 448, "updates": 97423}
{"event": "training_block_complete", "life": 1, "query": "reward", "phase": "B", "method": "RESET", "transitions": 79364, "episodes": 384, "updates": 79364}
{"event": "training_block_complete", "life": 3, "query": "reward", "phase": "B", "method": "RESET", "transitions": 78298, "episodes": 384, "updates": 78298}
{"event": "training_block_complete", "life": 0, "query": "reward", "phase": "B", "method": "RESET", "transitions": 75912, "episodes": 384, "updates": 75912}
{"event": "training_block_complete", "life": 1, "query": "reward", "phase": "B", "method": "RESET", "transitions": 94218, "episodes": 448, "updates": 94218}
{"event": "training_block_complete", "life": 2, "query": "reward", "phase": "B", "method": "RESET", "transitions": 114380, "episodes": 512, "updates": 114380}
{"event": "training_block_complete", "life": 3, "query": "reward", "phase": "B", "method": "RESET", "transitions": 94604, "episodes": 448, "updates": 94604}
{"event": "training_block_complete", "life": 0, "query": "reward", "phase": "B", "method": "RESET", "transitions": 91584, "episodes": 448, "updates": 91584}
{"event": "training_block_complete", "life": 1, "query": "reward", "phase": "B", "method": "RESET", "transitions": 111400, "episodes": 512, "updates": 111400}
{"event": "training_block_complete", "life": 0, "query": "reward", "phase": "B", "method": "RESET", "transitions": 107994, "episodes": 512, "updates": 107994}
{"event": "training_block_complete", "life": 2, "query": "reward", "phase": "B", "method": "RESET", "transitions": 131145, "episodes": 574, "updates": 131145}
{"event": "training_block_complete", "life": 3, "query": "reward", "phase": "B", "method": "RESET", "transitions": 111313, "episodes": 512, "updates": 111313}
{"event": "training_block_complete", "life": 2, "query": "reward", "phase": "B", "method": "RESET", "transitions": 131916, "episodes": 576, "updates": 131916}
{"event": "training_block_complete", "life": 0, "query": "reward", "phase": "B", "method": "RESET", "transitions": 124712, "episodes": 576, "updates": 124712}
{"event": "training_block_complete", "life": 3, "query": "reward", "phase": "B", "method": "RESET", "transitions": 127963, "episodes": 576, "updates": 127963}
{"event": "training_block_complete", "life": 1, "query": "reward", "phase": "B", "method": "RESET", "transitions": 128623, "episodes": 576, "updates": 128623}
{"event": "training_block_complete", "life": 2, "query": "reward", "phase": "B", "method": "RESET", "transitions": 148865, "episodes": 640, "updates": 148865}
{"event": "training_block_complete", "life": 1, "query": "reward", "phase": "B", "method": "RESET", "transitions": 131086, "episodes": 587, "updates": 131086}
{"event": "training_block_complete", "life": 3, "query": "reward", "phase": "B", "method": "RESET", "transitions": 131526, "episodes": 588, "updates": 131526}
{"event": "training_block_complete", "life": 0, "query": "reward", "phase": "B", "method": "RESET", "transitions": 131155, "episodes": 602, "updates": 131155}
{"event": "training_block_complete", "life": 0, "query": "reward", "phase": "B", "method": "RESET", "transitions": 140273, "episodes": 640, "updates": 140273}
{"event": "training_block_complete", "life": 2, "query": "reward", "phase": "B", "method": "RESET", "transitions": 166030, "episodes": 704, "updates": 166030}
{"event": "training_block_complete", "life": 1, "query": "reward", "phase": "B", "method": "RESET", "transitions": 145930, "episodes": 640, "updates": 145930}
{"event": "training_block_complete", "life": 3, "query": "reward", "phase": "B", "method": "RESET", "transitions": 145882, "episodes": 640, "updates": 145882}
{"event": "training_block_complete", "life": 0, "query": "reward", "phase": "B", "method": "RESET", "transitions": 158508, "episodes": 704, "updates": 158508}
{"event": "training_block_complete", "life": 1, "query": "reward", "phase": "B", "method": "RESET", "transitions": 163546, "episodes": 704, "updates": 163546}
{"event": "training_block_complete", "life": 2, "query": "reward", "phase": "B", "method": "RESET", "transitions": 185789, "episodes": 768, "updates": 185789}
{"event": "training_block_complete", "life": 3, "query": "reward", "phase": "B", "method": "RESET", "transitions": 164372, "episodes": 704, "updates": 164372}
{"event": "training_block_complete", "life": 0, "query": "reward", "phase": "B", "method": "RESET", "transitions": 175545, "episodes": 768, "updates": 175545}
{"event": "training_block_complete", "life": 1, "query": "reward", "phase": "B", "method": "RESET", "transitions": 181023, "episodes": 768, "updates": 181023}
{"event": "training_block_complete", "life": 2, "query": "reward", "phase": "B", "method": "RESET", "transitions": 204709, "episodes": 832, "updates": 204709}
{"event": "training_block_complete", "life": 3, "query": "reward", "phase": "B", "method": "RESET", "transitions": 182491, "episodes": 768, "updates": 182491}
{"event": "training_block_complete", "life": 0, "query": "reward", "phase": "B", "method": "RESET", "transitions": 193491, "episodes": 832, "updates": 193491}
{"event": "training_block_complete", "life": 1, "query": "reward", "phase": "B", "method": "RESET", "transitions": 199536, "episodes": 832, "updates": 199536}
{"event": "training_block_complete", "life": 2, "query": "reward", "phase": "B", "method": "RESET", "transitions": 222234, "episodes": 896, "updates": 222234}
{"event": "training_block_complete", "life": 3, "query": "reward", "phase": "B", "method": "RESET", "transitions": 202714, "episodes": 832, "updates": 202714}
{"event": "training_block_complete", "life": 0, "query": "reward", "phase": "B", "method": "RESET", "transitions": 211207, "episodes": 896, "updates": 211207}
{"event": "training_block_complete", "life": 1, "query": "reward", "phase": "B", "method": "RESET", "transitions": 219964, "episodes": 896, "updates": 219964}
{"event": "training_block_complete", "life": 2, "query": "reward", "phase": "B", "method": "RESET", "transitions": 240614, "episodes": 960, "updates": 240614}
{"event": "training_block_complete", "life": 3, "query": "reward", "phase": "B", "method": "RESET", "transitions": 221976, "episodes": 896, "updates": 221976}
{"event": "training_block_complete", "life": 0, "query": "reward", "phase": "B", "method": "RESET", "transitions": 230443, "episodes": 960, "updates": 230443}
{"event": "training_block_complete", "life": 1, "query": "reward", "phase": "B", "method": "RESET", "transitions": 240001, "episodes": 960, "updates": 240001}
{"event": "training_block_complete", "life": 2, "query": "reward", "phase": "B", "method": "RESET", "transitions": 260631, "episodes": 1024, "updates": 260631}
{"event": "training_block_complete", "life": 3, "query": "reward", "phase": "B", "method": "RESET", "transitions": 242337, "episodes": 960, "updates": 242337}
{"event": "training_block_complete", "life": 0, "query": "reward", "phase": "B", "method": "RESET", "transitions": 249874, "episodes": 1024, "updates": 249874}
{"event": "training_block_complete", "life": 2, "query": "reward", "phase": "B", "method": "RESET", "transitions": 280961, "episodes": 1088, "updates": 280961}
{"event": "training_block_complete", "life": 1, "query": "reward", "phase": "B", "method": "RESET", "transitions": 260562, "episodes": 1024, "updates": 260561}
{"event": "training_block_complete", "life": 3, "query": "reward", "phase": "B", "method": "RESET", "transitions": 262554, "episodes": 1024, "updates": 262554}
{"event": "training_block_complete", "life": 0, "query": "reward", "phase": "B", "method": "RESET", "transitions": 269874, "episodes": 1088, "updates": 269874}
{"event": "training_block_complete", "life": 3, "query": "reward", "phase": "B", "method": "RESET", "transitions": 282794, "episodes": 1088, "updates": 282794}
{"event": "training_block_complete", "life": 2, "query": "reward", "phase": "B", "method": "RESET", "transitions": 301192, "episodes": 1152, "updates": 301192}
{"event": "training_block_complete", "life": 1, "query": "reward", "phase": "B", "method": "RESET", "transitions": 280831, "episodes": 1088, "updates": 280830}
{"event": "training_block_complete", "life": 0, "query": "reward", "phase": "B", "method": "RESET", "transitions": 288910, "episodes": 1152, "updates": 288910}
{"event": "training_block_complete", "life": 3, "query": "reward", "phase": "B", "method": "RESET", "transitions": 304034, "episodes": 1152, "updates": 304034}
{"event": "training_block_complete", "life": 2, "query": "reward", "phase": "B", "method": "RESET", "transitions": 320659, "episodes": 1216, "updates": 320659}
{"event": "training_block_complete", "life": 1, "query": "reward", "phase": "B", "method": "RESET", "transitions": 300873, "episodes": 1152, "updates": 300872}
{"event": "training_block_complete", "life": 0, "query": "reward", "phase": "B", "method": "RESET", "transitions": 307982, "episodes": 1216, "updates": 307982}
{"event": "training_block_complete", "life": 3, "query": "reward", "phase": "B", "method": "RESET", "transitions": 326149, "episodes": 1216, "updates": 326149}
{"event": "training_block_complete", "life": 1, "query": "reward", "phase": "B", "method": "RESET", "transitions": 320915, "episodes": 1216, "updates": 320914}
{"event": "training_block_complete", "life": 2, "query": "reward", "phase": "B", "method": "RESET", "transitions": 342811, "episodes": 1280, "updates": 342811}
{"event": "training_block_complete", "life": 0, "query": "reward", "phase": "B", "method": "RESET", "transitions": 328006, "episodes": 1280, "updates": 328006}
{"event": "training_block_complete", "life": 1, "query": "reward", "phase": "B", "method": "RESET", "transitions": 341681, "episodes": 1280, "updates": 341680}
{"event": "training_block_complete", "life": 3, "query": "reward", "phase": "B", "method": "RESET", "transitions": 349694, "episodes": 1280, "updates": 349693}
{"event": "training_block_complete", "life": 0, "query": "reward", "phase": "B", "method": "RESET", "transitions": 349674, "episodes": 1344, "updates": 349674}
{"event": "training_block_complete", "life": 2, "query": "reward", "phase": "B", "method": "RESET", "transitions": 363925, "episodes": 1344, "updates": 363925}
{"event": "training_block_complete", "life": 1, "query": "reward", "phase": "B", "method": "RESET", "transitions": 364785, "episodes": 1344, "updates": 364784}
{"event": "training_block_complete", "life": 3, "query": "reward", "phase": "B", "method": "RESET", "transitions": 370358, "episodes": 1344, "updates": 370357}
{"event": "training_block_complete", "life": 0, "query": "reward", "phase": "B", "method": "RESET", "transitions": 371405, "episodes": 1408, "updates": 371405}
{"event": "training_block_complete", "life": 2, "query": "reward", "phase": "B", "method": "RESET", "transitions": 386251, "episodes": 1408, "updates": 386251}
{"event": "training_block_complete", "life": 1, "query": "reward", "phase": "B", "method": "RESET", "transitions": 386298, "episodes": 1408, "updates": 386297}
{"event": "training_block_complete", "life": 0, "query": "reward", "phase": "B", "method": "RESET", "transitions": 390665, "episodes": 1472, "updates": 390665}
{"event": "training_block_complete", "life": 3, "query": "reward", "phase": "B", "method": "RESET", "transitions": 391921, "episodes": 1408, "updates": 391920}
{"event": "training_block_complete", "life": 2, "query": "reward", "phase": "B", "method": "RESET", "transitions": 408411, "episodes": 1472, "updates": 408411}
{"event": "training_block_complete", "life": 1, "query": "reward", "phase": "B", "method": "RESET", "transitions": 408386, "episodes": 1472, "updates": 408385}
{"event": "training_block_complete", "life": 2, "query": "reward", "phase": "B", "method": "RESET", "transitions": 427909, "episodes": 1536, "updates": 427909}
{"event": "training_block_complete", "life": 3, "query": "reward", "phase": "B", "method": "RESET", "transitions": 415488, "episodes": 1472, "updates": 415487}
{"event": "training_block_complete", "life": 0, "query": "reward", "phase": "B", "method": "RESET", "transitions": 413623, "episodes": 1536, "updates": 413623}
{"event": "training_block_complete", "life": 1, "query": "reward", "phase": "B", "method": "RESET", "transitions": 431455, "episodes": 1536, "updates": 431454}
{"event": "training_block_complete", "life": 3, "query": "reward", "phase": "B", "method": "RESET", "transitions": 436960, "episodes": 1536, "updates": 436959}
{"event": "training_block_complete", "life": 0, "query": "reward", "phase": "B", "method": "RESET", "transitions": 436154, "episodes": 1600, "updates": 436154}
{"event": "training_block_complete", "life": 2, "query": "reward", "phase": "B", "method": "RESET", "transitions": 451030, "episodes": 1600, "updates": 451030}
{"event": "training_block_complete", "life": 1, "query": "reward", "phase": "B", "method": "RESET", "transitions": 452553, "episodes": 1600, "updates": 452552}
{"event": "training_block_complete", "life": 3, "query": "reward", "phase": "B", "method": "RESET", "transitions": 458193, "episodes": 1600, "updates": 458192}
{"event": "training_block_complete", "life": 0, "query": "reward", "phase": "B", "method": "RESET", "transitions": 457569, "episodes": 1664, "updates": 457569}
{"event": "training_block_complete", "life": 2, "query": "reward", "phase": "B", "method": "RESET", "transitions": 471995, "episodes": 1664, "updates": 471995}
{"event": "training_block_complete", "life": 1, "query": "reward", "phase": "B", "method": "RESET", "transitions": 474816, "episodes": 1664, "updates": 474815}
{"event": "training_block_complete", "life": 3, "query": "reward", "phase": "B", "method": "RESET", "transitions": 481835, "episodes": 1664, "updates": 481834}
{"event": "training_block_complete", "life": 0, "query": "reward", "phase": "B", "method": "RESET", "transitions": 479802, "episodes": 1728, "updates": 479802}
{"event": "training_block_complete", "life": 2, "query": "reward", "phase": "B", "method": "RESET", "transitions": 492890, "episodes": 1728, "updates": 492890}
{"event": "training_block_complete", "life": 1, "query": "reward", "phase": "B", "method": "RESET", "transitions": 497296, "episodes": 1728, "updates": 497295}
{"event": "training_block_complete", "life": 0, "query": "reward", "phase": "B", "method": "RESET", "transitions": 502659, "episodes": 1792, "updates": 502659}
{"event": "training_block_complete", "life": 3, "query": "reward", "phase": "B", "method": "RESET", "transitions": 505292, "episodes": 1728, "updates": 505291}
{"event": "training_block_complete", "life": 2, "query": "reward", "phase": "B", "method": "RESET", "transitions": 517382, "episodes": 1792, "updates": 517382}
{"event": "training_block_complete", "life": 1, "query": "reward", "phase": "B", "method": "RESET", "transitions": 520111, "episodes": 1792, "updates": 520110}
{"event": "training_block_complete", "life": 2, "query": "reward", "phase": "B", "method": "RESET", "transitions": 524288, "episodes": 1811, "updates": 524287}
{"event": "training_block_complete", "life": 0, "query": "reward", "phase": "B", "method": "RESET", "transitions": 524288, "episodes": 1852, "updates": 524287}
{"event": "training_block_complete", "life": 1, "query": "reward", "phase": "B", "method": "RESET", "transitions": 524288, "episodes": 1803, "updates": 524286}
{"event": "training_block_complete", "life": 3, "query": "reward", "phase": "B", "method": "RESET", "transitions": 524288, "episodes": 1781, "updates": 524285}
{"event": "training_block_complete", "life": 2, "query": "reward", "phase": "A_RETURN", "method": "CONT", "transitions": 49545, "episodes": 64, "updates": 3307838}
{"event": "training_block_complete", "life": 0, "query": "reward", "phase": "A_RETURN", "method": "CONT", "transitions": 47861, "episodes": 64, "updates": 3284789}
{"event": "training_block_complete", "life": 1, "query": "reward", "phase": "A_RETURN", "method": "CONT", "transitions": 57184, "episodes": 64, "updates": 3332642}
{"event": "training_block_complete", "life": 3, "query": "reward", "phase": "A_RETURN", "method": "CONT", "transitions": 54050, "episodes": 64, "updates": 3306801}
{"event": "training_block_complete", "life": 2, "query": "reward", "phase": "A_RETURN", "method": "CONT", "transitions": 103054, "episodes": 128, "updates": 3361340}
{"event": "training_block_complete", "life": 0, "query": "reward", "phase": "A_RETURN", "method": "CONT", "transitions": 100121, "episodes": 128, "updates": 3337041}
{"event": "training_block_complete", "life": 1, "query": "reward", "phase": "A_RETURN", "method": "CONT", "transitions": 114353, "episodes": 128, "updates": 3389806}
{"event": "training_block_complete", "life": 3, "query": "reward", "phase": "A_RETURN", "method": "CONT", "transitions": 109190, "episodes": 128, "updates": 3361932}
{"event": "training_block_complete", "life": 2, "query": "reward", "phase": "A_RETURN", "method": "CONT", "transitions": 131139, "episodes": 162, "updates": 3389421}
{"event": "training_block_complete", "life": 1, "query": "reward", "phase": "A_RETURN", "method": "CONT", "transitions": 131244, "episodes": 148, "updates": 3406695}
{"event": "training_block_complete", "life": 0, "query": "reward", "phase": "A_RETURN", "method": "CONT", "transitions": 131524, "episodes": 164, "updates": 3368438}
{"event": "training_block_complete", "life": 3, "query": "reward", "phase": "A_RETURN", "method": "CONT", "transitions": 131598, "episodes": 154, "updates": 3384336}
{"event": "training_block_complete", "life": 2, "query": "reward", "phase": "A_RETURN", "method": "CONT", "transitions": 157388, "episodes": 192, "updates": 3415665}
{"event": "training_block_complete", "life": 1, "query": "reward", "phase": "A_RETURN", "method": "CONT", "transitions": 169069, "episodes": 192, "updates": 3444515}
{"event": "training_block_complete", "life": 0, "query": "reward", "phase": "A_RETURN", "method": "CONT", "transitions": 154813, "episodes": 192, "updates": 3391724}
{"event": "training_block_complete", "life": 3, "query": "reward", "phase": "A_RETURN", "method": "CONT", "transitions": 164591, "episodes": 192, "updates": 3417324}
{"event": "training_block_complete", "life": 2, "query": "reward", "phase": "A_RETURN", "method": "CONT", "transitions": 212778, "episodes": 256, "updates": 3471049}
{"event": "training_block_complete", "life": 1, "query": "reward", "phase": "A_RETURN", "method": "CONT", "transitions": 225246, "episodes": 256, "updates": 3500677}
{"event": "training_block_complete", "life": 0, "query": "reward", "phase": "A_RETURN", "method": "CONT", "transitions": 210254, "episodes": 256, "updates": 3447156}
{"event": "training_block_complete", "life": 3, "query": "reward", "phase": "A_RETURN", "method": "CONT", "transitions": 220120, "episodes": 256, "updates": 3472842}
{"event": "training_block_complete", "life": 2, "query": "reward", "phase": "A_RETURN", "method": "CONT", "transitions": 266750, "episodes": 320, "updates": 3525010}
{"event": "training_block_complete", "life": 0, "query": "reward", "phase": "A_RETURN", "method": "CONT", "transitions": 263301, "episodes": 320, "updates": 3500198}
{"event": "training_block_complete", "life": 1, "query": "reward", "phase": "A_RETURN", "method": "CONT", "transitions": 281607, "episodes": 320, "updates": 3557026}
{"event": "training_block_complete", "life": 3, "query": "reward", "phase": "A_RETURN", "method": "CONT", "transitions": 275506, "episodes": 320, "updates": 3528217}
{"event": "training_block_complete", "life": 2, "query": "reward", "phase": "A_RETURN", "method": "CONT", "transitions": 319331, "episodes": 384, "updates": 3577581}
{"event": "training_block_complete", "life": 0, "query": "reward", "phase": "A_RETURN", "method": "CONT", "transitions": 316277, "episodes": 384, "updates": 3553167}
{"event": "training_block_complete", "life": 1, "query": "reward", "phase": "A_RETURN", "method": "CONT", "transitions": 336783, "episodes": 384, "updates": 3612193}
{"event": "training_block_complete", "life": 3, "query": "reward", "phase": "A_RETURN", "method": "CONT", "transitions": 329731, "episodes": 384, "updates": 3582431}
{"event": "training_block_complete", "life": 2, "query": "reward", "phase": "A_RETURN", "method": "CONT", "transitions": 372968, "episodes": 448, "updates": 3631212}
{"event": "training_block_complete", "life": 0, "query": "reward", "phase": "A_RETURN", "method": "CONT", "transitions": 369520, "episodes": 448, "updates": 3606406}
{"event": "training_block_complete", "life": 1, "query": "reward", "phase": "A_RETURN", "method": "CONT", "transitions": 393819, "episodes": 448, "updates": 3669216}
{"event": "training_block_complete", "life": 3, "query": "reward", "phase": "A_RETURN", "method": "CONT", "transitions": 384187, "episodes": 448, "updates": 3636880}
{"event": "training_block_complete", "life": 2, "query": "reward", "phase": "A_RETURN", "method": "CONT", "transitions": 424048, "episodes": 512, "updates": 3682286}
{"event": "training_block_complete", "life": 0, "query": "reward", "phase": "A_RETURN", "method": "CONT", "transitions": 428812, "episodes": 512, "updates": 3665687}
{"event": "training_block_complete", "life": 1, "query": "reward", "phase": "A_RETURN", "method": "CONT", "transitions": 451917, "episodes": 512, "updates": 3727303}
{"event": "training_block_complete", "life": 3, "query": "reward", "phase": "A_RETURN", "method": "CONT", "transitions": 438106, "episodes": 512, "updates": 3690786}
{"event": "training_block_complete", "life": 2, "query": "reward", "phase": "A_RETURN", "method": "CONT", "transitions": 480719, "episodes": 576, "updates": 3738948}
{"event": "training_block_complete", "life": 0, "query": "reward", "phase": "A_RETURN", "method": "CONT", "transitions": 485934, "episodes": 576, "updates": 3722801}
{"event": "training_block_complete", "life": 1, "query": "reward", "phase": "A_RETURN", "method": "CONT", "transitions": 509911, "episodes": 576, "updates": 3785289}
{"event": "training_block_complete", "life": 3, "query": "reward", "phase": "A_RETURN", "method": "CONT", "transitions": 496339, "episodes": 576, "updates": 3749003}
{"event": "training_block_complete", "life": 1, "query": "reward", "phase": "A_RETURN", "method": "CONT", "transitions": 524288, "episodes": 593, "updates": 3799665}
{"event": "training_block_complete", "life": 2, "query": "reward", "phase": "A_RETURN", "method": "CONT", "transitions": 524288, "episodes": 626, "updates": 3782506}
{"event": "training_block_complete", "life": 1, "query": "reward", "phase": "A_RETURN", "method": "RESET", "transitions": 18523, "episodes": 64, "updates": 18523}
{"event": "training_block_complete", "life": 0, "query": "reward", "phase": "A_RETURN", "method": "CONT", "transitions": 524288, "episodes": 619, "updates": 3761148}
{"event": "training_block_complete", "life": 3, "query": "reward", "phase": "A_RETURN", "method": "CONT", "transitions": 524288, "episodes": 606, "updates": 3776947}
{"event": "training_block_complete", "life": 2, "query": "reward", "phase": "A_RETURN", "method": "RESET", "transitions": 16507, "episodes": 64, "updates": 16507}
{"event": "training_block_complete", "life": 1, "query": "reward", "phase": "A_RETURN", "method": "RESET", "transitions": 37924, "episodes": 128, "updates": 37924}
{"event": "training_block_complete", "life": 0, "query": "reward", "phase": "A_RETURN", "method": "RESET", "transitions": 17473, "episodes": 64, "updates": 17473}
{"event": "training_block_complete", "life": 3, "query": "reward", "phase": "A_RETURN", "method": "RESET", "transitions": 17142, "episodes": 64, "updates": 17142}
{"event": "training_block_complete", "life": 2, "query": "reward", "phase": "A_RETURN", "method": "RESET", "transitions": 35948, "episodes": 128, "updates": 35948}
{"event": "training_block_complete", "life": 0, "query": "reward", "phase": "A_RETURN", "method": "RESET", "transitions": 35869, "episodes": 128, "updates": 35869}
{"event": "training_block_complete", "life": 1, "query": "reward", "phase": "A_RETURN", "method": "RESET", "transitions": 59128, "episodes": 192, "updates": 59128}
{"event": "training_block_complete", "life": 3, "query": "reward", "phase": "A_RETURN", "method": "RESET", "transitions": 37700, "episodes": 128, "updates": 37700}
{"event": "training_block_complete", "life": 2, "query": "reward", "phase": "A_RETURN", "method": "RESET", "transitions": 58524, "episodes": 192, "updates": 58524}
{"event": "training_block_complete", "life": 0, "query": "reward", "phase": "A_RETURN", "method": "RESET", "transitions": 57136, "episodes": 192, "updates": 57136}
{"event": "training_block_complete", "life": 3, "query": "reward", "phase": "A_RETURN", "method": "RESET", "transitions": 58634, "episodes": 192, "updates": 58634}
{"event": "training_block_complete", "life": 1, "query": "reward", "phase": "A_RETURN", "method": "RESET", "transitions": 82901, "episodes": 256, "updates": 82901}
{"event": "training_block_complete", "life": 2, "query": "reward", "phase": "A_RETURN", "method": "RESET", "transitions": 84713, "episodes": 256, "updates": 84713}
{"event": "training_block_complete", "life": 0, "query": "reward", "phase": "A_RETURN", "method": "RESET", "transitions": 83908, "episodes": 256, "updates": 83908}
{"event": "training_block_complete", "life": 3, "query": "reward", "phase": "A_RETURN", "method": "RESET", "transitions": 82841, "episodes": 256, "updates": 82841}
{"event": "training_block_complete", "life": 1, "query": "reward", "phase": "A_RETURN", "method": "RESET", "transitions": 112045, "episodes": 320, "updates": 112045}
{"event": "training_block_complete", "life": 0, "query": "reward", "phase": "A_RETURN", "method": "RESET", "transitions": 108736, "episodes": 320, "updates": 108736}
{"event": "training_block_complete", "life": 2, "query": "reward", "phase": "A_RETURN", "method": "RESET", "transitions": 114206, "episodes": 320, "updates": 114206}
{"event": "training_block_complete", "life": 1, "query": "reward", "phase": "A_RETURN", "method": "RESET", "transitions": 131309, "episodes": 362, "updates": 131309}
{"event": "training_block_complete", "life": 3, "query": "reward", "phase": "A_RETURN", "method": "RESET", "transitions": 109704, "episodes": 320, "updates": 109704}
{"event": "training_block_complete", "life": 2, "query": "reward", "phase": "A_RETURN", "method": "RESET", "transitions": 131189, "episodes": 355, "updates": 131189}
{"event": "training_block_complete", "life": 0, "query": "reward", "phase": "A_RETURN", "method": "RESET", "transitions": 131202, "episodes": 379, "updates": 131202}
{"event": "training_block_complete", "life": 0, "query": "reward", "phase": "A_RETURN", "method": "RESET", "transitions": 134165, "episodes": 384, "updates": 134165}
{"event": "training_block_complete", "life": 1, "query": "reward", "phase": "A_RETURN", "method": "RESET", "transitions": 144000, "episodes": 384, "updates": 144000}
{"event": "training_block_complete", "life": 2, "query": "reward", "phase": "A_RETURN", "method": "RESET", "transitions": 144378, "episodes": 384, "updates": 144378}
{"event": "training_block_complete", "life": 3, "query": "reward", "phase": "A_RETURN", "method": "RESET", "transitions": 131569, "episodes": 370, "updates": 131569}
{"event": "training_block_complete", "life": 3, "query": "reward", "phase": "A_RETURN", "method": "RESET", "transitions": 137909, "episodes": 384, "updates": 137909}
{"event": "training_block_complete", "life": 1, "query": "reward", "phase": "A_RETURN", "method": "RESET", "transitions": 175828, "episodes": 448, "updates": 175828}
{"event": "training_block_complete", "life": 0, "query": "reward", "phase": "A_RETURN", "method": "RESET", "transitions": 164200, "episodes": 448, "updates": 164200}
{"event": "training_block_complete", "life": 2, "query": "reward", "phase": "A_RETURN", "method": "RESET", "transitions": 177124, "episodes": 448, "updates": 177124}
{"event": "training_block_complete", "life": 3, "query": "reward", "phase": "A_RETURN", "method": "RESET", "transitions": 169719, "episodes": 448, "updates": 169719}
{"event": "training_block_complete", "life": 0, "query": "reward", "phase": "A_RETURN", "method": "RESET", "transitions": 198375, "episodes": 512, "updates": 198375}
{"event": "training_block_complete", "life": 1, "query": "reward", "phase": "A_RETURN", "method": "RESET", "transitions": 213057, "episodes": 512, "updates": 213057}
{"event": "training_block_complete", "life": 2, "query": "reward", "phase": "A_RETURN", "method": "RESET", "transitions": 211515, "episodes": 512, "updates": 211515}
{"event": "training_block_complete", "life": 3, "query": "reward", "phase": "A_RETURN", "method": "RESET", "transitions": 201795, "episodes": 512, "updates": 201795}
{"event": "training_block_complete", "life": 0, "query": "reward", "phase": "A_RETURN", "method": "RESET", "transitions": 233247, "episodes": 576, "updates": 233247}
{"event": "training_block_complete", "life": 2, "query": "reward", "phase": "A_RETURN", "method": "RESET", "transitions": 249622, "episodes": 576, "updates": 249622}
{"event": "training_block_complete", "life": 1, "query": "reward", "phase": "A_RETURN", "method": "RESET", "transitions": 247464, "episodes": 576, "updates": 247463}
{"event": "training_block_complete", "life": 3, "query": "reward", "phase": "A_RETURN", "method": "RESET", "transitions": 237208, "episodes": 576, "updates": 237207}
{"event": "training_block_complete", "life": 2, "query": "reward", "phase": "A_RETURN", "method": "RESET", "transitions": 285105, "episodes": 640, "updates": 285105}
{"event": "training_block_complete", "life": 0, "query": "reward", "phase": "A_RETURN", "method": "RESET", "transitions": 266851, "episodes": 640, "updates": 266851}
{"event": "training_block_complete", "life": 1, "query": "reward", "phase": "A_RETURN", "method": "RESET", "transitions": 281798, "episodes": 640, "updates": 281797}
{"event": "training_block_complete", "life": 3, "query": "reward", "phase": "A_RETURN", "method": "RESET", "transitions": 273679, "episodes": 640, "updates": 273678}
{"event": "training_block_complete", "life": 0, "query": "reward", "phase": "A_RETURN", "method": "RESET", "transitions": 303508, "episodes": 704, "updates": 303508}
{"event": "training_block_complete", "life": 2, "query": "reward", "phase": "A_RETURN", "method": "RESET", "transitions": 321549, "episodes": 704, "updates": 321549}
{"event": "training_block_complete", "life": 1, "query": "reward", "phase": "A_RETURN", "method": "RESET", "transitions": 319154, "episodes": 704, "updates": 319152}
{"event": "training_block_complete", "life": 3, "query": "reward", "phase": "A_RETURN", "method": "RESET", "transitions": 309169, "episodes": 704, "updates": 309168}
{"event": "training_block_complete", "life": 0, "query": "reward", "phase": "A_RETURN", "method": "RESET", "transitions": 340629, "episodes": 768, "updates": 340629}
{"event": "training_block_complete", "life": 2, "query": "reward", "phase": "A_RETURN", "method": "RESET", "transitions": 357941, "episodes": 768, "updates": 357941}
{"event": "training_block_complete", "life": 1, "query": "reward", "phase": "A_RETURN", "method": "RESET", "transitions": 355061, "episodes": 768, "updates": 355059}
{"event": "training_block_complete", "life": 3, "query": "reward", "phase": "A_RETURN", "method": "RESET", "transitions": 344620, "episodes": 768, "updates": 344618}
{"event": "training_block_complete", "life": 0, "query": "reward", "phase": "A_RETURN", "method": "RESET", "transitions": 378884, "episodes": 832, "updates": 378884}
{"event": "training_block_complete", "life": 2, "query": "reward", "phase": "A_RETURN", "method": "RESET", "transitions": 394711, "episodes": 832, "updates": 394711}
{"event": "training_block_complete", "life": 1, "query": "reward", "phase": "A_RETURN", "method": "RESET", "transitions": 393343, "episodes": 832, "updates": 393341}
{"event": "training_block_complete", "life": 3, "query": "reward", "phase": "A_RETURN", "method": "RESET", "transitions": 382317, "episodes": 832, "updates": 382315}
{"event": "training_block_complete", "life": 0, "query": "reward", "phase": "A_RETURN", "method": "RESET", "transitions": 416142, "episodes": 896, "updates": 416142}
{"event": "training_block_complete", "life": 2, "query": "reward", "phase": "A_RETURN", "method": "RESET", "transitions": 431368, "episodes": 896, "updates": 431368}
{"event": "training_block_complete", "life": 1, "query": "reward", "phase": "A_RETURN", "method": "RESET", "transitions": 430669, "episodes": 896, "updates": 430667}
{"event": "training_block_complete", "life": 3, "query": "reward", "phase": "A_RETURN", "method": "RESET", "transitions": 422787, "episodes": 896, "updates": 422785}
{"event": "training_block_complete", "life": 0, "query": "reward", "phase": "A_RETURN", "method": "RESET", "transitions": 456224, "episodes": 960, "updates": 456224}
{"event": "training_block_complete", "life": 2, "query": "reward", "phase": "A_RETURN", "method": "RESET", "transitions": 470491, "episodes": 960, "updates": 470491}
{"event": "training_block_complete", "life": 1, "query": "reward", "phase": "A_RETURN", "method": "RESET", "transitions": 468978, "episodes": 960, "updates": 468976}
{"event": "training_block_complete", "life": 3, "query": "reward", "phase": "A_RETURN", "method": "RESET", "transitions": 460216, "episodes": 960, "updates": 460214}
{"event": "training_block_complete", "life": 0, "query": "reward", "phase": "A_RETURN", "method": "RESET", "transitions": 497771, "episodes": 1024, "updates": 497770}
{"event": "training_block_complete", "life": 2, "query": "reward", "phase": "A_RETURN", "method": "RESET", "transitions": 508345, "episodes": 1024, "updates": 508345}
{"event": "training_block_complete", "life": 1, "query": "reward", "phase": "A_RETURN", "method": "RESET", "transitions": 508434, "episodes": 1024, "updates": 508432}
{"event": "training_block_complete", "life": 3, "query": "reward", "phase": "A_RETURN", "method": "RESET", "transitions": 499185, "episodes": 1024, "updates": 499183}
{"event": "training_block_complete", "life": 2, "query": "reward", "phase": "A_RETURN", "method": "RESET", "transitions": 524288, "episodes": 1049, "updates": 524287}
{"event": "training_block_complete", "life": 1, "query": "reward", "phase": "A_RETURN", "method": "RESET", "transitions": 524288, "episodes": 1052, "updates": 524285}
{"event": "training_block_complete", "life": 0, "query": "reward", "phase": "A_RETURN", "method": "RESET", "transitions": 524288, "episodes": 1065, "updates": 524285}
{"event": "training_block_complete", "life": 2, "query": "risk_goal", "phase": "B", "method": "CONT", "transitions": 27032, "episodes": 64, "updates": 2846207}
{"event": "training_block_complete", "life": 3, "query": "reward", "phase": "A_RETURN", "method": "RESET", "transitions": 524288, "episodes": 1068, "updates": 524285}
{"event": "training_block_complete", "life": 1, "query": "risk_goal", "phase": "B", "method": "CONT", "transitions": 27841, "episodes": 64, "updates": 2836279}
{"event": "training_block_complete", "life": 0, "query": "risk_goal", "phase": "B", "method": "CONT", "transitions": 26333, "episodes": 64, "updates": 2791371}
{"event": "training_block_complete", "life": 2, "query": "risk_goal", "phase": "B", "method": "CONT", "transitions": 54743, "episodes": 128, "updates": 2873918}
{"event": "training_block_complete", "life": 3, "query": "risk_goal", "phase": "B", "method": "CONT", "transitions": 26441, "episodes": 64, "updates": 2830825}
{"event": "training_block_complete", "life": 1, "query": "risk_goal", "phase": "B", "method": "CONT", "transitions": 56954, "episodes": 128, "updates": 2865391}
{"event": "training_block_complete", "life": 0, "query": "risk_goal", "phase": "B", "method": "CONT", "transitions": 54566, "episodes": 128, "updates": 2819601}
{"event": "training_block_complete", "life": 2, "query": "risk_goal", "phase": "B", "method": "CONT", "transitions": 82879, "episodes": 192, "updates": 2902054}
{"event": "training_block_complete", "life": 0, "query": "risk_goal", "phase": "B", "method": "CONT", "transitions": 81861, "episodes": 192, "updates": 2846895}
{"event": "training_block_complete", "life": 3, "query": "risk_goal", "phase": "B", "method": "CONT", "transitions": 54033, "episodes": 128, "updates": 2858415}
{"event": "training_block_complete", "life": 1, "query": "risk_goal", "phase": "B", "method": "CONT", "transitions": 84528, "episodes": 192, "updates": 2892964}
{"event": "training_block_complete", "life": 2, "query": "risk_goal", "phase": "B", "method": "CONT", "transitions": 111010, "episodes": 256, "updates": 2930184}
{"event": "training_block_complete", "life": 0, "query": "risk_goal", "phase": "B", "method": "CONT", "transitions": 109755, "episodes": 256, "updates": 2874787}
{"event": "training_block_complete", "life": 3, "query": "risk_goal", "phase": "B", "method": "CONT", "transitions": 80433, "episodes": 192, "updates": 2884814}
{"event": "training_block_complete", "life": 1, "query": "risk_goal", "phase": "B", "method": "CONT", "transitions": 114077, "episodes": 256, "updates": 2922511}
{"event": "training_block_complete", "life": 3, "query": "risk_goal", "phase": "B", "method": "CONT", "transitions": 109052, "episodes": 256, "updates": 2913431}
{"event": "training_block_complete", "life": 1, "query": "risk_goal", "phase": "B", "method": "CONT", "transitions": 131180, "episodes": 293, "updates": 2939611}
{"event": "training_block_complete", "life": 0, "query": "risk_goal", "phase": "B", "method": "CONT", "transitions": 131283, "episodes": 305, "updates": 2896315}
{"event": "training_block_complete", "life": 0, "query": "risk_goal", "phase": "B", "method": "CONT", "transitions": 137814, "episodes": 320, "updates": 2902846}
{"event": "training_block_complete", "life": 1, "query": "risk_goal", "phase": "B", "method": "CONT", "transitions": 142280, "episodes": 320, "updates": 2950711}
{"event": "training_block_complete", "life": 2, "query": "risk_goal", "phase": "B", "method": "CONT", "transitions": 131255, "episodes": 300, "updates": 2950429}
{"event": "training_block_complete", "life": 2, "query": "risk_goal", "phase": "B", "method": "CONT", "transitions": 139667, "episodes": 320, "updates": 2958841}
{"event": "training_block_complete", "life": 3, "query": "risk_goal", "phase": "B", "method": "CONT", "transitions": 131410, "episodes": 305, "updates": 2935786}
{"event": "training_block_complete", "life": 1, "query": "risk_goal", "phase": "B", "method": "CONT", "transitions": 170814, "episodes": 384, "updates": 2979245}
{"event": "training_block_complete", "life": 3, "query": "risk_goal", "phase": "B", "method": "CONT", "transitions": 137493, "episodes": 320, "updates": 2941869}
{"event": "training_block_complete", "life": 0, "query": "risk_goal", "phase": "B", "method": "CONT", "transitions": 166461, "episodes": 384, "updates": 2931492}
{"event": "training_block_complete", "life": 2, "query": "risk_goal", "phase": "B", "method": "CONT", "transitions": 168265, "episodes": 384, "updates": 2987439}
{"event": "training_block_complete", "life": 1, "query": "risk_goal", "phase": "B", "method": "CONT", "transitions": 199820, "episodes": 448, "updates": 3008250}
{"event": "training_block_complete", "life": 3, "query": "risk_goal", "phase": "B", "method": "CONT", "transitions": 166738, "episodes": 384, "updates": 2971114}
{"event": "training_block_complete", "life": 0, "query": "risk_goal", "phase": "B", "method": "CONT", "transitions": 196295, "episodes": 448, "updates": 2961325}
{"event": "training_block_complete", "life": 2, "query": "risk_goal", "phase": "B", "method": "CONT", "transitions": 196787, "episodes": 448, "updates": 3015961}
{"event": "training_block_complete", "life": 1, "query": "risk_goal", "phase": "B", "method": "CONT", "transitions": 229963, "episodes": 512, "updates": 3038392}
{"event": "training_block_complete", "life": 3, "query": "risk_goal", "phase": "B", "method": "CONT", "transitions": 197489, "episodes": 448, "updates": 3001862}
{"event": "training_block_complete", "life": 0, "query": "risk_goal", "phase": "B", "method": "CONT", "transitions": 226101, "episodes": 512, "updates": 2991128}
{"event": "training_block_complete", "life": 2, "query": "risk_goal", "phase": "B", "method": "CONT", "transitions": 227766, "episodes": 512, "updates": 3046938}
{"event": "training_block_complete", "life": 1, "query": "risk_goal", "phase": "B", "method": "CONT", "transitions": 259762, "episodes": 576, "updates": 3068189}
{"event": "training_block_complete", "life": 3, "query": "risk_goal", "phase": "B", "method": "CONT", "transitions": 227267, "episodes": 512, "updates": 3031639}
{"event": "training_block_complete", "life": 0, "query": "risk_goal", "phase": "B", "method": "CONT", "transitions": 255538, "episodes": 576, "updates": 3020565}
{"event": "training_block_complete", "life": 2, "query": "risk_goal", "phase": "B", "method": "CONT", "transitions": 256291, "episodes": 576, "updates": 3075463}
{"event": "training_block_complete", "life": 1, "query": "risk_goal", "phase": "B", "method": "CONT", "transitions": 290432, "episodes": 640, "updates": 3098859}
{"event": "training_block_complete", "life": 3, "query": "risk_goal", "phase": "B", "method": "CONT", "transitions": 256994, "episodes": 576, "updates": 3061366}
{"event": "training_block_complete", "life": 0, "query": "risk_goal", "phase": "B", "method": "CONT", "transitions": 286630, "episodes": 640, "updates": 3051656}
{"event": "training_block_complete", "life": 2, "query": "risk_goal", "phase": "B", "method": "CONT", "transitions": 286024, "episodes": 640, "updates": 3105195}
{"event": "training_block_complete", "life": 1, "query": "risk_goal", "phase": "B", "method": "CONT", "transitions": 320369, "episodes": 704, "updates": 3128795}
{"event": "training_block_complete", "life": 3, "query": "risk_goal", "phase": "B", "method": "CONT", "transitions": 287477, "episodes": 640, "updates": 3091849}
{"event": "training_block_complete", "life": 0, "query": "risk_goal", "phase": "B", "method": "CONT", "transitions": 315786, "episodes": 704, "updates": 3080811}
{"event": "training_block_complete", "life": 2, "query": "risk_goal", "phase": "B", "method": "CONT", "transitions": 317941, "episodes": 704, "updates": 3137110}
{"event": "training_block_complete", "life": 1, "query": "risk_goal", "phase": "B", "method": "CONT", "transitions": 349789, "episodes": 768, "updates": 3158215}
{"event": "training_block_complete", "life": 3, "query": "risk_goal", "phase": "B", "method": "CONT", "transitions": 318303, "episodes": 704, "updates": 3122674}
{"event": "training_block_complete", "life": 0, "query": "risk_goal", "phase": "B", "method": "CONT", "transitions": 345932, "episodes": 768, "updates": 3110954}
{"event": "training_block_complete", "life": 2, "query": "risk_goal", "phase": "B", "method": "CONT", "transitions": 349741, "episodes": 768, "updates": 3168909}
{"event": "training_block_complete", "life": 1, "query": "risk_goal", "phase": "B", "method": "CONT", "transitions": 380774, "episodes": 832, "updates": 3189199}
{"event": "training_block_complete", "life": 3, "query": "risk_goal", "phase": "B", "method": "CONT", "transitions": 348324, "episodes": 768, "updates": 3152693}
{"event": "training_block_complete", "life": 0, "query": "risk_goal", "phase": "B", "method": "CONT", "transitions": 377554, "episodes": 832, "updates": 3142576}
{"event": "training_block_complete", "life": 2, "query": "risk_goal", "phase": "B", "method": "CONT", "transitions": 380901, "episodes": 832, "updates": 3200068}
{"event": "training_block_complete", "life": 1, "query": "risk_goal", "phase": "B", "method": "CONT", "transitions": 410970, "episodes": 896, "updates": 3219392}
{"event": "training_block_complete", "life": 3, "query": "risk_goal", "phase": "B", "method": "CONT", "transitions": 377702, "episodes": 832, "updates": 3182069}
{"event": "training_block_complete", "life": 0, "query": "risk_goal", "phase": "B", "method": "CONT", "transitions": 410698, "episodes": 896, "updates": 3175717}
{"event": "training_block_complete", "life": 2, "query": "risk_goal", "phase": "B", "method": "CONT", "transitions": 413081, "episodes": 896, "updates": 3232245}
{"event": "training_block_complete", "life": 1, "query": "risk_goal", "phase": "B", "method": "CONT", "transitions": 441578, "episodes": 960, "updates": 3250000}
{"event": "training_block_complete", "life": 3, "query": "risk_goal", "phase": "B", "method": "CONT", "transitions": 408671, "episodes": 896, "updates": 3213037}
{"event": "training_block_complete", "life": 0, "query": "risk_goal", "phase": "B", "method": "CONT", "transitions": 442364, "episodes": 960, "updates": 3207383}
{"event": "training_block_complete", "life": 2, "query": "risk_goal", "phase": "B", "method": "CONT", "transitions": 443226, "episodes": 960, "updates": 3262389}
{"event": "training_block_complete", "life": 1, "query": "risk_goal", "phase": "B", "method": "CONT", "transitions": 471822, "episodes": 1024, "updates": 3280242}
{"event": "training_block_complete", "life": 3, "query": "risk_goal", "phase": "B", "method": "CONT", "transitions": 440717, "episodes": 960, "updates": 3245080}
{"event": "training_block_complete", "life": 0, "query": "risk_goal", "phase": "B", "method": "CONT", "transitions": 473467, "episodes": 1024, "updates": 3238485}
{"event": "training_block_complete", "life": 2, "query": "risk_goal", "phase": "B", "method": "CONT", "transitions": 476283, "episodes": 1024, "updates": 3295444}
{"event": "training_block_complete", "life": 1, "query": "risk_goal", "phase": "B", "method": "CONT", "transitions": 501402, "episodes": 1088, "updates": 3309820}
{"event": "training_block_complete", "life": 3, "query": "risk_goal", "phase": "B", "method": "CONT", "transitions": 470380, "episodes": 1024, "updates": 3274741}
{"event": "training_block_complete", "life": 0, "query": "risk_goal", "phase": "B", "method": "CONT", "transitions": 503895, "episodes": 1088, "updates": 3268910}
{"event": "training_block_complete", "life": 2, "query": "risk_goal", "phase": "B", "method": "CONT", "transitions": 507867, "episodes": 1088, "updates": 3327025}
{"event": "training_block_complete", "life": 1, "query": "risk_goal", "phase": "B", "method": "CONT", "transitions": 524288, "episodes": 1134, "updates": 3332704}
{"event": "training_block_complete", "life": 3, "query": "risk_goal", "phase": "B", "method": "CONT", "transitions": 503826, "episodes": 1088, "updates": 3308186}
{"event": "training_block_complete", "life": 0, "query": "risk_goal", "phase": "B", "method": "CONT", "transitions": 524288, "episodes": 1131, "updates": 3289301}
{"event": "training_block_complete", "life": 1, "query": "risk_goal", "phase": "B", "method": "RESET", "transitions": 11601, "episodes": 64, "updates": 11601}
{"event": "training_block_complete", "life": 2, "query": "risk_goal", "phase": "B", "method": "CONT", "transitions": 524288, "episodes": 1125, "updates": 3343444}
{"event": "training_block_complete", "life": 0, "query": "risk_goal", "phase": "B", "method": "RESET", "transitions": 10993, "episodes": 64, "updates": 10993}
{"event": "training_block_complete", "life": 1, "query": "risk_goal", "phase": "B", "method": "RESET", "transitions": 24003, "episodes": 128, "updates": 24003}
{"event": "training_block_complete", "life": 2, "query": "risk_goal", "phase": "B", "method": "RESET", "transitions": 10501, "episodes": 64, "updates": 10501}
{"event": "training_block_complete", "life": 0, "query": "risk_goal", "phase": "B", "method": "RESET", "transitions": 22261, "episodes": 128, "updates": 22261}
{"event": "training_block_complete", "life": 1, "query": "risk_goal", "phase": "B", "method": "RESET", "transitions": 36813, "episodes": 192, "updates": 36813}
{"event": "training_block_complete", "life": 2, "query": "risk_goal", "phase": "B", "method": "RESET", "transitions": 22619, "episodes": 128, "updates": 22619}
{"event": "training_block_complete", "life": 3, "query": "risk_goal", "phase": "B", "method": "CONT", "transitions": 524288, "episodes": 1131, "updates": 3328646}
{"event": "training_block_complete", "life": 0, "query": "risk_goal", "phase": "B", "method": "RESET", "transitions": 34767, "episodes": 192, "updates": 34767}
{"event": "training_block_complete", "life": 1, "query": "risk_goal", "phase": "B", "method": "RESET", "transitions": 51402, "episodes": 256, "updates": 51402}
{"event": "training_block_complete", "life": 3, "query": "risk_goal", "phase": "B", "method": "RESET", "transitions": 10367, "episodes": 64, "updates": 10367}
{"event": "training_block_complete", "life": 2, "query": "risk_goal", "phase": "B", "method": "RESET", "transitions": 36287, "episodes": 192, "updates": 36287}
{"event": "training_block_complete", "life": 0, "query": "risk_goal", "phase": "B", "method": "RESET", "transitions": 49168, "episodes": 256, "updates": 49168}
{"event": "training_block_complete", "life": 3, "query": "risk_goal", "phase": "B", "method": "RESET", "transitions": 22178, "episodes": 128, "updates": 22178}
{"event": "training_block_complete", "life": 1, "query": "risk_goal", "phase": "B", "method": "RESET", "transitions": 66911, "episodes": 320, "updates": 66911}
{"event": "training_block_complete", "life": 2, "query": "risk_goal", "phase": "B", "method": "RESET", "transitions": 49210, "episodes": 256, "updates": 49210}
{"event": "training_block_complete", "life": 3, "query": "risk_goal", "phase": "B", "method": "RESET", "transitions": 35863, "episodes": 192, "updates": 35863}
{"event": "training_block_complete", "life": 0, "query": "risk_goal", "phase": "B", "method": "RESET", "transitions": 63823, "episodes": 320, "updates": 63823}
{"event": "training_block_complete", "life": 1, "query": "risk_goal", "phase": "B", "method": "RESET", "transitions": 83543, "episodes": 384, "updates": 83543}
{"event": "training_block_complete", "life": 2, "query": "risk_goal", "phase": "B", "method": "RESET", "transitions": 63668, "episodes": 320, "updates": 63668}
{"event": "training_block_complete", "life": 3, "query": "risk_goal", "phase": "B", "method": "RESET", "transitions": 50081, "episodes": 256, "updates": 50081}
{"event": "training_block_complete", "life": 0, "query": "risk_goal", "phase": "B", "method": "RESET", "transitions": 78593, "episodes": 384, "updates": 78593}
{"event": "training_block_complete", "life": 3, "query": "risk_goal", "phase": "B", "method": "RESET", "transitions": 63804, "episodes": 320, "updates": 63804}
{"event": "training_block_complete", "life": 1, "query": "risk_goal", "phase": "B", "method": "RESET", "transitions": 99323, "episodes": 448, "updates": 99323}
{"event": "training_block_complete", "life": 2, "query": "risk_goal", "phase": "B", "method": "RESET", "transitions": 79076, "episodes": 384, "updates": 79076}
{"event": "training_block_complete", "life": 0, "query": "risk_goal", "phase": "B", "method": "RESET", "transitions": 94368, "episodes": 448, "updates": 94368}
{"event": "training_block_complete", "life": 3, "query": "risk_goal", "phase": "B", "method": "RESET", "transitions": 78027, "episodes": 384, "updates": 78027}
{"event": "training_block_complete", "life": 1, "query": "risk_goal", "phase": "B", "method": "RESET", "transitions": 115516, "episodes": 512, "updates": 115516}
{"event": "training_block_complete", "life": 2, "query": "risk_goal", "phase": "B", "method": "RESET", "transitions": 94357, "episodes": 448, "updates": 94357}
{"event": "training_block_complete", "life": 0, "query": "risk_goal", "phase": "B", "method": "RESET", "transitions": 110747, "episodes": 512, "updates": 110747}
{"event": "training_block_complete", "life": 3, "query": "risk_goal", "phase": "B", "method": "RESET", "transitions": 93949, "episodes": 448, "updates": 93949}
{"event": "training_block_complete", "life": 1, "query": "risk_goal", "phase": "B", "method": "RESET", "transitions": 131104, "episodes": 571, "updates": 131104}
{"event": "training_block_complete", "life": 1, "query": "risk_goal", "phase": "B", "method": "RESET", "transitions": 132250, "episodes": 576, "updates": 132250}
{"event": "training_block_complete", "life": 2, "query": "risk_goal", "phase": "B", "method": "RESET", "transitions": 110650, "episodes": 512, "updates": 110650}
{"event": "training_block_complete", "life": 0, "query": "risk_goal", "phase": "B", "method": "RESET", "transitions": 129400, "episodes": 576, "updates": 129400}
{"event": "training_block_complete", "life": 3, "query": "risk_goal", "phase": "B", "method": "RESET", "transitions": 110180, "episodes": 512, "updates": 110180}
{"event": "training_block_complete", "life": 0, "query": "risk_goal", "phase": "B", "method": "RESET", "transitions": 131105, "episodes": 583, "updates": 131105}
{"event": "training_block_complete", "life": 1, "query": "risk_goal", "phase": "B", "method": "RESET", "transitions": 149668, "episodes": 640, "updates": 149668}
{"event": "training_block_complete", "life": 2, "query": "risk_goal", "phase": "B", "method": "RESET", "transitions": 127712, "episodes": 576, "updates": 127712}
{"event": "training_block_complete", "life": 3, "query": "risk_goal", "phase": "B", "method": "RESET", "transitions": 127515, "episodes": 576, "updates": 127515}
{"event": "training_block_complete", "life": 0, "query": "risk_goal", "phase": "B", "method": "RESET", "transitions": 146092, "episodes": 640, "updates": 146092}
{"event": "training_block_complete", "life": 2, "query": "risk_goal", "phase": "B", "method": "RESET", "transitions": 131316, "episodes": 590, "updates": 131316}
{"event": "training_block_complete", "life": 1, "query": "risk_goal", "phase": "B", "method": "RESET", "transitions": 167038, "episodes": 704, "updates": 167038}
{"event": "training_block_complete", "life": 3, "query": "risk_goal", "phase": "B", "method": "RESET", "transitions": 131101, "episodes": 590, "updates": 131101}
{"event": "training_block_complete", "life": 2, "query": "risk_goal", "phase": "B", "method": "RESET", "transitions": 144901, "episodes": 640, "updates": 144901}
{"event": "training_block_complete", "life": 0, "query": "risk_goal", "phase": "B", "method": "RESET", "transitions": 164264, "episodes": 704, "updates": 164264}
{"event": "training_block_complete", "life": 3, "query": "risk_goal", "phase": "B", "method": "RESET", "transitions": 143726, "episodes": 640, "updates": 143726}
{"event": "training_block_complete", "life": 1, "query": "risk_goal", "phase": "B", "method": "RESET", "transitions": 186206, "episodes": 768, "updates": 186206}
{"event": "training_block_complete", "life": 2, "query": "risk_goal", "phase": "B", "method": "RESET", "transitions": 163045, "episodes": 704, "updates": 163045}
{"event": "training_block_complete", "life": 0, "query": "risk_goal", "phase": "B", "method": "RESET", "transitions": 183385, "episodes": 768, "updates": 183385}
{"event": "training_block_complete", "life": 3, "query": "risk_goal", "phase": "B", "method": "RESET", "transitions": 161951, "episodes": 704, "updates": 161951}
{"event": "training_block_complete", "life": 1, "query": "risk_goal", "phase": "B", "method": "RESET", "transitions": 207172, "episodes": 832, "updates": 207172}
{"event": "training_block_complete", "life": 2, "query": "risk_goal", "phase": "B", "method": "RESET", "transitions": 182285, "episodes": 768, "updates": 182285}
{"event": "training_block_complete", "life": 0, "query": "risk_goal", "phase": "B", "method": "RESET", "transitions": 201960, "episodes": 832, "updates": 201960}
{"event": "training_block_complete", "life": 3, "query": "risk_goal", "phase": "B", "method": "RESET", "transitions": 179208, "episodes": 768, "updates": 179208}
{"event": "training_block_complete", "life": 1, "query": "risk_goal", "phase": "B", "method": "RESET", "transitions": 225825, "episodes": 896, "updates": 225825}
{"event": "training_block_complete", "life": 2, "query": "risk_goal", "phase": "B", "method": "RESET", "transitions": 200616, "episodes": 832, "updates": 200616}
{"event": "training_block_complete", "life": 3, "query": "risk_goal", "phase": "B", "method": "RESET", "transitions": 198115, "episodes": 832, "updates": 198115}
{"event": "training_block_complete", "life": 0, "query": "risk_goal", "phase": "B", "method": "RESET", "transitions": 220930, "episodes": 896, "updates": 220930}
{"event": "training_block_complete", "life": 1, "query": "risk_goal", "phase": "B", "method": "RESET", "transitions": 244741, "episodes": 960, "updates": 244741}
{"event": "training_block_complete", "life": 2, "query": "risk_goal", "phase": "B", "method": "RESET", "transitions": 219154, "episodes": 896, "updates": 219154}
{"event": "training_block_complete", "life": 3, "query": "risk_goal", "phase": "B", "method": "RESET", "transitions": 217418, "episodes": 896, "updates": 217418}
{"event": "training_block_complete", "life": 1, "query": "risk_goal", "phase": "B", "method": "RESET", "transitions": 263849, "episodes": 1024, "updates": 263849}
{"event": "training_block_complete", "life": 0, "query": "risk_goal", "phase": "B", "method": "RESET", "transitions": 240750, "episodes": 960, "updates": 240750}
{"event": "training_block_complete", "life": 2, "query": "risk_goal", "phase": "B", "method": "RESET", "transitions": 237627, "episodes": 960, "updates": 237627}
{"event": "training_block_complete", "life": 3, "query": "risk_goal", "phase": "B", "method": "RESET", "transitions": 235928, "episodes": 960, "updates": 235928}
{"event": "training_block_complete", "life": 1, "query": "risk_goal", "phase": "B", "method": "RESET", "transitions": 284297, "episodes": 1088, "updates": 284297}
{"event": "training_block_complete", "life": 0, "query": "risk_goal", "phase": "B", "method": "RESET", "transitions": 259855, "episodes": 1024, "updates": 259855}
{"event": "training_block_complete", "life": 2, "query": "risk_goal", "phase": "B", "method": "RESET", "transitions": 257548, "episodes": 1024, "updates": 257548}
{"event": "training_block_complete", "life": 3, "query": "risk_goal", "phase": "B", "method": "RESET", "transitions": 254830, "episodes": 1024, "updates": 254830}
{"event": "training_block_complete", "life": 1, "query": "risk_goal", "phase": "B", "method": "RESET", "transitions": 304071, "episodes": 1152, "updates": 304071}
{"event": "training_block_complete", "life": 0, "query": "risk_goal", "phase": "B", "method": "RESET", "transitions": 280603, "episodes": 1088, "updates": 280603}
{"event": "training_block_complete", "life": 2, "query": "risk_goal", "phase": "B", "method": "RESET", "transitions": 276726, "episodes": 1088, "updates": 276726}
{"event": "training_block_complete", "life": 3, "query": "risk_goal", "phase": "B", "method": "RESET", "transitions": 274892, "episodes": 1088, "updates": 274892}
{"event": "training_block_complete", "life": 1, "query": "risk_goal", "phase": "B", "method": "RESET", "transitions": 325548, "episodes": 1216, "updates": 325548}
{"event": "training_block_complete", "life": 0, "query": "risk_goal", "phase": "B", "method": "RESET", "transitions": 301424, "episodes": 1152, "updates": 301424}
{"event": "training_block_complete", "life": 2, "query": "risk_goal", "phase": "B", "method": "RESET", "transitions": 297031, "episodes": 1152, "updates": 297031}
{"event": "training_block_complete", "life": 3, "query": "risk_goal", "phase": "B", "method": "RESET", "transitions": 295180, "episodes": 1152, "updates": 295180}
{"event": "training_block_complete", "life": 1, "query": "risk_goal", "phase": "B", "method": "RESET", "transitions": 346849, "episodes": 1280, "updates": 346849}
{"event": "training_block_complete", "life": 0, "query": "risk_goal", "phase": "B", "method": "RESET", "transitions": 324093, "episodes": 1216, "updates": 324093}
{"event": "training_block_complete", "life": 2, "query": "risk_goal", "phase": "B", "method": "RESET", "transitions": 318591, "episodes": 1216, "updates": 318591}
{"event": "training_block_complete", "life": 3, "query": "risk_goal", "phase": "B", "method": "RESET", "transitions": 315487, "episodes": 1216, "updates": 315487}
{"event": "training_block_complete", "life": 1, "query": "risk_goal", "phase": "B", "method": "RESET", "transitions": 368162, "episodes": 1344, "updates": 368162}
{"event": "training_block_complete", "life": 0, "query": "risk_goal", "phase": "B", "method": "RESET", "transitions": 346682, "episodes": 1280, "updates": 346682}
{"event": "training_block_complete", "life": 2, "query": "risk_goal", "phase": "B", "method": "RESET", "transitions": 340557, "episodes": 1280, "updates": 340557}
{"event": "training_block_complete", "life": 1, "query": "risk_goal", "phase": "B", "method": "RESET", "transitions": 388016, "episodes": 1408, "updates": 388016}
{"event": "training_block_complete", "life": 3, "query": "risk_goal", "phase": "B", "method": "RESET", "transitions": 336594, "episodes": 1280, "updates": 336594}
{"event": "training_block_complete", "life": 0, "query": "risk_goal", "phase": "B", "method": "RESET", "transitions": 369547, "episodes": 1344, "updates": 369547}
{"event": "training_block_complete", "life": 2, "query": "risk_goal", "phase": "B", "method": "RESET", "transitions": 361347, "episodes": 1344, "updates": 361347}
{"event": "training_block_complete", "life": 3, "query": "risk_goal", "phase": "B", "method": "RESET", "transitions": 358620, "episodes": 1344, "updates": 358620}
{"event": "training_block_complete", "life": 1, "query": "risk_goal", "phase": "B", "method": "RESET", "transitions": 410502, "episodes": 1472, "updates": 410502}
{"event": "training_block_complete", "life": 0, "query": "risk_goal", "phase": "B", "method": "RESET", "transitions": 390877, "episodes": 1408, "updates": 390877}
{"event": "training_block_complete", "life": 2, "query": "risk_goal", "phase": "B", "method": "RESET", "transitions": 382649, "episodes": 1408, "updates": 382649}
{"event": "training_block_complete", "life": 3, "query": "risk_goal", "phase": "B", "method": "RESET", "transitions": 380080, "episodes": 1408, "updates": 380080}
{"event": "training_block_complete", "life": 1, "query": "risk_goal", "phase": "B", "method": "RESET", "transitions": 432702, "episodes": 1536, "updates": 432702}
{"event": "training_block_complete", "life": 2, "query": "risk_goal", "phase": "B", "method": "RESET", "transitions": 405549, "episodes": 1472, "updates": 405549}
{"event": "training_block_complete", "life": 0, "query": "risk_goal", "phase": "B", "method": "RESET", "transitions": 413020, "episodes": 1472, "updates": 413020}
{"event": "training_block_complete", "life": 1, "query": "risk_goal", "phase": "B", "method": "RESET", "transitions": 455622, "episodes": 1600, "updates": 455622}
{"event": "training_block_complete", "life": 3, "query": "risk_goal", "phase": "B", "method": "RESET", "transitions": 401324, "episodes": 1472, "updates": 401324}
{"event": "training_block_complete", "life": 0, "query": "risk_goal", "phase": "B", "method": "RESET", "transitions": 434622, "episodes": 1536, "updates": 434622}
{"event": "training_block_complete", "life": 2, "query": "risk_goal", "phase": "B", "method": "RESET", "transitions": 428329, "episodes": 1536, "updates": 428329}
{"event": "training_block_complete", "life": 1, "query": "risk_goal", "phase": "B", "method": "RESET", "transitions": 477410, "episodes": 1664, "updates": 477410}
{"event": "training_block_complete", "life": 3, "query": "risk_goal", "phase": "B", "method": "RESET", "transitions": 423032, "episodes": 1536, "updates": 423032}
{"event": "training_block_complete", "life": 2, "query": "risk_goal", "phase": "B", "method": "RESET", "transitions": 449573, "episodes": 1600, "updates": 449573}
{"event": "training_block_complete", "life": 0, "query": "risk_goal", "phase": "B", "method": "RESET", "transitions": 457879, "episodes": 1600, "updates": 457879}
{"event": "training_block_complete", "life": 3, "query": "risk_goal", "phase": "B", "method": "RESET", "transitions": 443105, "episodes": 1600, "updates": 443105}
{"event": "training_block_complete", "life": 1, "query": "risk_goal", "phase": "B", "method": "RESET", "transitions": 500297, "episodes": 1728, "updates": 500297}
{"event": "training_block_complete", "life": 0, "query": "risk_goal", "phase": "B", "method": "RESET", "transitions": 480690, "episodes": 1664, "updates": 480690}
{"event": "training_block_complete", "life": 3, "query": "risk_goal", "phase": "B", "method": "RESET", "transitions": 463912, "episodes": 1664, "updates": 463912}
{"event": "training_block_complete", "life": 2, "query": "risk_goal", "phase": "B", "method": "RESET", "transitions": 471559, "episodes": 1664, "updates": 471559}
{"event": "training_block_complete", "life": 1, "query": "risk_goal", "phase": "B", "method": "RESET", "transitions": 524288, "episodes": 1791, "updates": 524287}
{"event": "training_block_complete", "life": 0, "query": "risk_goal", "phase": "B", "method": "RESET", "transitions": 502196, "episodes": 1728, "updates": 502196}
{"event": "training_block_complete", "life": 3, "query": "risk_goal", "phase": "B", "method": "RESET", "transitions": 485476, "episodes": 1728, "updates": 485476}
{"event": "training_block_complete", "life": 2, "query": "risk_goal", "phase": "B", "method": "RESET", "transitions": 493058, "episodes": 1728, "updates": 493058}
{"event": "training_block_complete", "life": 3, "query": "risk_goal", "phase": "B", "method": "RESET", "transitions": 506992, "episodes": 1792, "updates": 506992}
{"event": "training_block_complete", "life": 2, "query": "risk_goal", "phase": "B", "method": "RESET", "transitions": 515738, "episodes": 1792, "updates": 515738}
{"event": "training_block_complete", "life": 0, "query": "risk_goal", "phase": "B", "method": "RESET", "transitions": 524288, "episodes": 1791, "updates": 524287}
{"event": "training_block_complete", "life": 2, "query": "risk_goal", "phase": "B", "method": "RESET", "transitions": 524288, "episodes": 1817, "updates": 524287}
{"event": "training_block_complete", "life": 3, "query": "risk_goal", "phase": "B", "method": "RESET", "transitions": 524288, "episodes": 1837, "updates": 524287}
{"event": "training_block_complete", "life": 1, "query": "risk_goal", "phase": "A_RETURN", "method": "CONT", "transitions": 55340, "episodes": 64, "updates": 3388033}
{"event": "training_block_complete", "life": 0, "query": "risk_goal", "phase": "A_RETURN", "method": "CONT", "transitions": 54267, "episodes": 64, "updates": 3343558}
{"event": "training_block_complete", "life": 1, "query": "risk_goal", "phase": "A_RETURN", "method": "CONT", "transitions": 112004, "episodes": 128, "updates": 3444691}
{"event": "training_block_complete", "life": 2, "query": "risk_goal", "phase": "A_RETURN", "method": "CONT", "transitions": 53886, "episodes": 64, "updates": 3397324}
{"event": "training_block_complete", "life": 3, "query": "risk_goal", "phase": "A_RETURN", "method": "CONT", "transitions": 56457, "episodes": 64, "updates": 3385089}
{"event": "training_block_complete", "life": 0, "query": "risk_goal", "phase": "A_RETURN", "method": "CONT", "transitions": 107403, "episodes": 128, "updates": 3396690}
{"event": "training_block_complete", "life": 1, "query": "risk_goal", "phase": "A_RETURN", "method": "CONT", "transitions": 131250, "episodes": 150, "updates": 3463933}
{"event": "training_block_complete", "life": 2, "query": "risk_goal", "phase": "A_RETURN", "method": "CONT", "transitions": 108569, "episodes": 128, "updates": 3451998}
{"event": "training_block_complete", "life": 3, "query": "risk_goal", "phase": "A_RETURN", "method": "CONT", "transitions": 110242, "episodes": 128, "updates": 3438864}
{"event": "training_block_complete", "life": 1, "query": "risk_goal", "phase": "A_RETURN", "method": "CONT", "transitions": 169591, "episodes": 192, "updates": 3502266}
{"event": "training_block_complete", "life": 0, "query": "risk_goal", "phase": "A_RETURN", "method": "CONT", "transitions": 131818, "episodes": 155, "updates": 3421104}
{"event": "training_block_complete", "life": 2, "query": "risk_goal", "phase": "A_RETURN", "method": "CONT", "transitions": 131220, "episodes": 155, "updates": 3474645}
{"event": "training_block_complete", "life": 3, "query": "risk_goal", "phase": "A_RETURN", "method": "CONT", "transitions": 131732, "episodes": 155, "updates": 3460352}
{"event": "training_block_complete", "life": 0, "query": "risk_goal", "phase": "A_RETURN", "method": "CONT", "transitions": 163506, "episodes": 192, "updates": 3452788}
{"event": "training_block_complete", "life": 2, "query": "risk_goal", "phase": "A_RETURN", "method": "CONT", "transitions": 163674, "episodes": 192, "updates": 3507090}
{"event": "training_block_complete", "life": 1, "query": "risk_goal", "phase": "A_RETURN", "method": "CONT", "transitions": 222932, "episodes": 256, "updates": 3555593}
{"event": "training_block_complete", "life": 3, "query": "risk_goal", "phase": "A_RETURN", "method": "CONT", "transitions": 163011, "episodes": 192, "updates": 3491623}
{"event": "training_block_complete", "life": 0, "query": "risk_goal", "phase": "A_RETURN", "method": "CONT", "transitions": 216289, "episodes": 256, "updates": 3505564}
{"event": "training_block_complete", "life": 2, "query": "risk_goal", "phase": "A_RETURN", "method": "CONT", "transitions": 215884, "episodes": 256, "updates": 3559292}
{"event": "training_block_complete", "life": 3, "query": "risk_goal", "phase": "A_RETURN", "method": "CONT", "transitions": 219739, "episodes": 256, "updates": 3548346}
{"event": "training_block_complete", "life": 1, "query": "risk_goal", "phase": "A_RETURN", "method": "CONT", "transitions": 277019, "episodes": 320, "updates": 3609675}
{"event": "training_block_complete", "life": 0, "query": "risk_goal", "phase": "A_RETURN", "method": "CONT", "transitions": 273226, "episodes": 320, "updates": 3562490}
{"event": "training_block_complete", "life": 2, "query": "risk_goal", "phase": "A_RETURN", "method": "CONT", "transitions": 272435, "episodes": 320, "updates": 3615835}
{"event": "training_block_complete", "life": 3, "query": "risk_goal", "phase": "A_RETURN", "method": "CONT", "transitions": 273794, "episodes": 320, "updates": 3602395}
{"event": "training_block_complete", "life": 1, "query": "risk_goal", "phase": "A_RETURN", "method": "CONT", "transitions": 331493, "episodes": 384, "updates": 3664142}
{"event": "training_block_complete", "life": 0, "query": "risk_goal", "phase": "A_RETURN", "method": "CONT", "transitions": 330571, "episodes": 384, "updates": 3619825}
{"event": "training_block_complete", "life": 2, "query": "risk_goal", "phase": "A_RETURN", "method": "CONT", "transitions": 325986, "episodes": 384, "updates": 3669380}
{"event": "training_block_complete", "life": 1, "query": "risk_goal", "phase": "A_RETURN", "method": "CONT", "transitions": 383567, "episodes": 448, "updates": 3716209}
{"event": "training_block_complete", "life": 3, "query": "risk_goal", "phase": "A_RETURN", "method": "CONT", "transitions": 329689, "episodes": 384, "updates": 3658282}
{"event": "training_block_complete", "life": 0, "query": "risk_goal", "phase": "A_RETURN", "method": "CONT", "transitions": 387583, "episodes": 448, "updates": 3676829}
{"event": "training_block_complete", "life": 2, "query": "risk_goal", "phase": "A_RETURN", "method": "CONT", "transitions": 383206, "episodes": 448, "updates": 3726590}
{"event": "training_block_complete", "life": 1, "query": "risk_goal", "phase": "A_RETURN", "method": "CONT", "transitions": 436724, "episodes": 512, "updates": 3769359}
{"event": "training_block_complete", "life": 3, "query": "risk_goal", "phase": "A_RETURN", "method": "CONT", "transitions": 385729, "episodes": 448, "updates": 3714312}
{"event": "training_block_complete", "life": 0, "query": "risk_goal", "phase": "A_RETURN", "method": "CONT", "transitions": 439893, "episodes": 512, "updates": 3729131}
{"event": "training_block_complete", "life": 2, "query": "risk_goal", "phase": "A_RETURN", "method": "CONT", "transitions": 439671, "episodes": 512, "updates": 3783047}
{"event": "training_block_complete", "life": 1, "query": "risk_goal", "phase": "A_RETURN", "method": "CONT", "transitions": 491740, "episodes": 576, "updates": 3824361}
{"event": "training_block_complete", "life": 3, "query": "risk_goal", "phase": "A_RETURN", "method": "CONT", "transitions": 440438, "episodes": 512, "updates": 3769013}
{"event": "training_block_complete", "life": 0, "query": "risk_goal", "phase": "A_RETURN", "method": "CONT", "transitions": 496551, "episodes": 576, "updates": 3785781}
{"event": "training_block_complete", "life": 2, "query": "risk_goal", "phase": "A_RETURN", "method": "CONT", "transitions": 494530, "episodes": 576, "updates": 3837898}
{"event": "training_block_complete", "life": 1, "query": "risk_goal", "phase": "A_RETURN", "method": "CONT", "transitions": 524288, "episodes": 611, "updates": 3856900}
{"event": "training_block_complete", "life": 1, "query": "risk_goal", "phase": "A_RETURN", "method": "RESET", "transitions": 18274, "episodes": 64, "updates": 18274}
{"event": "training_block_complete", "life": 0, "query": "risk_goal", "phase": "A_RETURN", "method": "CONT", "transitions": 524288, "episodes": 609, "updates": 3813514}
{"event": "training_block_complete", "life": 3, "query": "risk_goal", "phase": "A_RETURN", "method": "CONT", "transitions": 499246, "episodes": 576, "updates": 3827815}
{"event": "training_block_complete", "life": 2, "query": "risk_goal", "phase": "A_RETURN", "method": "CONT", "transitions": 524288, "episodes": 611, "updates": 3867648}
{"event": "training_block_complete", "life": 1, "query": "risk_goal", "phase": "A_RETURN", "method": "RESET", "transitions": 38190, "episodes": 128, "updates": 38190}
{"event": "training_block_complete", "life": 0, "query": "risk_goal", "phase": "A_RETURN", "method": "RESET", "transitions": 19346, "episodes": 64, "updates": 19346}
{"event": "training_block_complete", "life": 0, "query": "risk_goal", "phase": "A_RETURN", "method": "RESET", "transitions": 39459, "episodes": 128, "updates": 39459}
{"event": "training_block_complete", "life": 2, "query": "risk_goal", "phase": "A_RETURN", "method": "RESET", "transitions": 18978, "episodes": 64, "updates": 18978}
{"event": "training_block_complete", "life": 1, "query": "risk_goal", "phase": "A_RETURN", "method": "RESET", "transitions": 62839, "episodes": 192, "updates": 62839}
{"event": "training_block_complete", "life": 3, "query": "risk_goal", "phase": "A_RETURN", "method": "CONT", "transitions": 524288, "episodes": 607, "updates": 3852853}
{"event": "training_block_complete", "life": 2, "query": "risk_goal", "phase": "A_RETURN", "method": "RESET", "transitions": 39166, "episodes": 128, "updates": 39166}
{"event": "training_block_complete", "life": 0, "query": "risk_goal", "phase": "A_RETURN", "method": "RESET", "transitions": 61824, "episodes": 192, "updates": 61824}
{"event": "training_block_complete", "life": 1, "query": "risk_goal", "phase": "A_RETURN", "method": "RESET", "transitions": 84999, "episodes": 256, "updates": 84999}
{"event": "training_block_complete", "life": 3, "query": "risk_goal", "phase": "A_RETURN", "method": "RESET", "transitions": 18464, "episodes": 64, "updates": 18464}
{"event": "training_block_complete", "life": 2, "query": "risk_goal", "phase": "A_RETURN", "method": "RESET", "transitions": 61766, "episodes": 192, "updates": 61766}
{"event": "training_block_complete", "life": 1, "query": "risk_goal", "phase": "A_RETURN", "method": "RESET", "transitions": 110588, "episodes": 320, "updates": 110588}
{"event": "training_block_complete", "life": 3, "query": "risk_goal", "phase": "A_RETURN", "method": "RESET", "transitions": 41696, "episodes": 128, "updates": 41696}
{"event": "training_block_complete", "life": 0, "query": "risk_goal", "phase": "A_RETURN", "method": "RESET", "transitions": 88415, "episodes": 256, "updates": 88415}
{"event": "training_block_complete", "life": 1, "query": "risk_goal", "phase": "A_RETURN", "method": "RESET", "transitions": 131157, "episodes": 365, "updates": 131157}
{"event": "training_block_complete", "life": 3, "query": "risk_goal", "phase": "A_RETURN", "method": "RESET", "transitions": 65729, "episodes": 192, "updates": 65729}
{"event": "training_block_complete", "life": 2, "query": "risk_goal", "phase": "A_RETURN", "method": "RESET", "transitions": 89032, "episodes": 256, "updates": 89032}
{"event": "training_block_complete", "life": 1, "query": "risk_goal", "phase": "A_RETURN", "method": "RESET", "transitions": 139038, "episodes": 384, "updates": 139038}
{"event": "training_block_complete", "life": 0, "query": "risk_goal", "phase": "A_RETURN", "method": "RESET", "transitions": 118678, "episodes": 320, "updates": 118678}
{"event": "training_block_complete", "life": 2, "query": "risk_goal", "phase": "A_RETURN", "method": "RESET", "transitions": 118237, "episodes": 320, "updates": 118237}
{"event": "training_block_complete", "life": 3, "query": "risk_goal", "phase": "A_RETURN", "method": "RESET", "transitions": 94502, "episodes": 256, "updates": 94502}
{"event": "training_block_complete", "life": 0, "query": "risk_goal", "phase": "A_RETURN", "method": "RESET", "transitions": 131166, "episodes": 348, "updates": 131166}
{"event": "training_block_complete", "life": 1, "query": "risk_goal", "phase": "A_RETURN", "method": "RESET", "transitions": 172254, "episodes": 448, "updates": 172254}
{"event": "training_block_complete", "life": 2, "query": "risk_goal", "phase": "A_RETURN", "method": "RESET", "transitions": 131624, "episodes": 350, "updates": 131624}
{"event": "training_block_complete", "life": 0, "query": "risk_goal", "phase": "A_RETURN", "method": "RESET", "transitions": 147895, "episodes": 384, "updates": 147895}
{"event": "training_block_complete", "life": 3, "query": "risk_goal", "phase": "A_RETURN", "method": "RESET", "transitions": 122712, "episodes": 320, "updates": 122712}
{"event": "training_block_complete", "life": 2, "query": "risk_goal", "phase": "A_RETURN", "method": "RESET", "transitions": 147568, "episodes": 384, "updates": 147568}
{"event": "training_block_complete", "life": 3, "query": "risk_goal", "phase": "A_RETURN", "method": "RESET", "transitions": 131230, "episodes": 337, "updates": 131230}
{"event": "training_block_complete", "life": 1, "query": "risk_goal", "phase": "A_RETURN", "method": "RESET", "transitions": 203759, "episodes": 512, "updates": 203759}
{"event": "training_block_complete", "life": 0, "query": "risk_goal", "phase": "A_RETURN", "method": "RESET", "transitions": 179999, "episodes": 448, "updates": 179998}
{"event": "training_block_complete", "life": 3, "query": "risk_goal", "phase": "A_RETURN", "method": "RESET", "transitions": 152421, "episodes": 384, "updates": 152421}
{"event": "training_block_complete", "life": 2, "query": "risk_goal", "phase": "A_RETURN", "method": "RESET", "transitions": 179775, "episodes": 448, "updates": 179775}
{"event": "training_block_complete", "life": 1, "query": "risk_goal", "phase": "A_RETURN", "method": "RESET", "transitions": 236376, "episodes": 576, "updates": 236376}
{"event": "training_block_complete", "life": 0, "query": "risk_goal", "phase": "A_RETURN", "method": "RESET", "transitions": 212610, "episodes": 512, "updates": 212609}
{"event": "training_block_complete", "life": 3, "query": "risk_goal", "phase": "A_RETURN", "method": "RESET", "transitions": 184013, "episodes": 448, "updates": 184012}
{"event": "training_block_complete", "life": 2, "query": "risk_goal", "phase": "A_RETURN", "method": "RESET", "transitions": 215462, "episodes": 512, "updates": 215461}
{"event": "training_block_complete", "life": 1, "query": "risk_goal", "phase": "A_RETURN", "method": "RESET", "transitions": 271697, "episodes": 640, "updates": 271697}
{"event": "training_block_complete", "life": 0, "query": "risk_goal", "phase": "A_RETURN", "method": "RESET", "transitions": 246356, "episodes": 576, "updates": 246355}
{"event": "training_block_complete", "life": 3, "query": "risk_goal", "phase": "A_RETURN", "method": "RESET", "transitions": 216982, "episodes": 512, "updates": 216981}
{"event": "training_block_complete", "life": 2, "query": "risk_goal", "phase": "A_RETURN", "method": "RESET", "transitions": 248337, "episodes": 576, "updates": 248336}
{"event": "training_block_complete", "life": 1, "query": "risk_goal", "phase": "A_RETURN", "method": "RESET", "transitions": 307349, "episodes": 704, "updates": 307349}
{"event": "training_block_complete", "life": 0, "query": "risk_goal", "phase": "A_RETURN", "method": "RESET", "transitions": 281402, "episodes": 640, "updates": 281401}
{"event": "training_block_complete", "life": 3, "query": "risk_goal", "phase": "A_RETURN", "method": "RESET", "transitions": 251200, "episodes": 576, "updates": 251199}
{"event": "training_block_complete", "life": 2, "query": "risk_goal", "phase": "A_RETURN", "method": "RESET", "transitions": 283609, "episodes": 640, "updates": 283608}
{"event": "training_block_complete", "life": 1, "query": "risk_goal", "phase": "A_RETURN", "method": "RESET", "transitions": 341038, "episodes": 768, "updates": 341038}
{"event": "training_block_complete", "life": 0, "query": "risk_goal", "phase": "A_RETURN", "method": "RESET", "transitions": 318886, "episodes": 704, "updates": 318884}
{"event": "training_block_complete", "life": 3, "query": "risk_goal", "phase": "A_RETURN", "method": "RESET", "transitions": 284297, "episodes": 640, "updates": 284296}
{"event": "training_block_complete", "life": 2, "query": "risk_goal", "phase": "A_RETURN", "method": "RESET", "transitions": 322462, "episodes": 704, "updates": 322461}
{"event": "training_block_complete", "life": 1, "query": "risk_goal", "phase": "A_RETURN", "method": "RESET", "transitions": 378976, "episodes": 832, "updates": 378976}
{"event": "training_block_complete", "life": 0, "query": "risk_goal", "phase": "A_RETURN", "method": "RESET", "transitions": 354154, "episodes": 768, "updates": 354152}
{"event": "training_block_complete", "life": 3, "query": "risk_goal", "phase": "A_RETURN", "method": "RESET", "transitions": 322046, "episodes": 704, "updates": 322044}
{"event": "training_block_complete", "life": 2, "query": "risk_goal", "phase": "A_RETURN", "method": "RESET", "transitions": 360576, "episodes": 768, "updates": 360575}
{"event": "training_block_complete", "life": 1, "query": "risk_goal", "phase": "A_RETURN", "method": "RESET", "transitions": 417704, "episodes": 896, "updates": 417704}
{"event": "training_block_complete", "life": 0, "query": "risk_goal", "phase": "A_RETURN", "method": "RESET", "transitions": 393501, "episodes": 832, "updates": 393499}
{"event": "training_block_complete", "life": 3, "query": "risk_goal", "phase": "A_RETURN", "method": "RESET", "transitions": 360325, "episodes": 768, "updates": 360323}
{"event": "training_block_complete", "life": 2, "query": "risk_goal", "phase": "A_RETURN", "method": "RESET", "transitions": 401134, "episodes": 832, "updates": 401132}
{"event": "training_block_complete", "life": 1, "query": "risk_goal", "phase": "A_RETURN", "method": "RESET", "transitions": 454026, "episodes": 960, "updates": 454026}
{"event": "training_block_complete", "life": 0, "query": "risk_goal", "phase": "A_RETURN", "method": "RESET", "transitions": 434323, "episodes": 896, "updates": 434320}
{"event": "training_block_complete", "life": 3, "query": "risk_goal", "phase": "A_RETURN", "method": "RESET", "transitions": 398518, "episodes": 832, "updates": 398516}
{"event": "training_block_complete", "life": 2, "query": "risk_goal", "phase": "A_RETURN", "method": "RESET", "transitions": 440439, "episodes": 896, "updates": 440437}
{"event": "training_block_complete", "life": 1, "query": "risk_goal", "phase": "A_RETURN", "method": "RESET", "transitions": 493000, "episodes": 1024, "updates": 493000}
{"event": "training_block_complete", "life": 0, "query": "risk_goal", "phase": "A_RETURN", "method": "RESET", "transitions": 474147, "episodes": 960, "updates": 474143}
{"event": "training_block_complete", "life": 3, "query": "risk_goal", "phase": "A_RETURN", "method": "RESET", "transitions": 436633, "episodes": 896, "updates": 436630}
{"event": "training_block_complete", "life": 1, "query": "risk_goal", "phase": "A_RETURN", "method": "RESET", "transitions": 524288, "episodes": 1073, "updates": 524287}
{"event": "training_block_complete", "life": 2, "query": "risk_goal", "phase": "A_RETURN", "method": "RESET", "transitions": 480015, "episodes": 960, "updates": 480012}
{"event": "training_block_complete", "life": 0, "query": "risk_goal", "phase": "A_RETURN", "method": "RESET", "transitions": 511676, "episodes": 1024, "updates": 511671}
{"event": "training_block_complete", "life": 3, "query": "risk_goal", "phase": "A_RETURN", "method": "RESET", "transitions": 477860, "episodes": 960, "updates": 477856}
{"event": "training_block_complete", "life": 0, "query": "risk_goal", "phase": "A_RETURN", "method": "RESET", "transitions": 524288, "episodes": 1045, "updates": 524282}
{"event": "training_block_complete", "life": 2, "query": "risk_goal", "phase": "A_RETURN", "method": "RESET", "transitions": 520457, "episodes": 1024, "updates": 520454}
{"event": "training_block_complete", "life": 3, "query": "risk_goal", "phase": "A_RETURN", "method": "RESET", "transitions": 520013, "episodes": 1024, "updates": 520008}
{"event": "training_block_complete", "life": 2, "query": "risk_goal", "phase": "A_RETURN", "method": "RESET", "transitions": 524288, "episodes": 1030, "updates": 524284}
{"event": "training_block_complete", "life": 3, "query": "risk_goal", "phase": "A_RETURN", "method": "RESET", "transitions": 524288, "episodes": 1031, "updates": 524282}
{"status": "complete", "seconds": 1369.850136604}
