{"phase": "fit_started", "lifecycle": 3, "checkpoint": 6, "roots": 12, "rows": 15194}
{"phase": "fit_started", "lifecycle": 4, "checkpoint": 6, "roots": 12, "rows": 15884}
{"phase": "fit_started", "lifecycle": 8, "checkpoint": 6, "roots": 12, "rows": 15795}
{"phase": "fit_started", "lifecycle": 7, "checkpoint": 6, "roots": 12, "rows": 15797}
{"phase": "fit_started", "lifecycle": 6, "checkpoint": 6, "roots": 12, "rows": 15416}
{"phase": "fit_started", "lifecycle": 5, "checkpoint": 6, "roots": 12, "rows": 15237}
{"phase": "fit_complete", "lifecycle": 3, "checkpoint": 6, "fits": 778}
{"phase": "fit_complete", "lifecycle": 7, "checkpoint": 6, "fits": 778}
{"phase": "fit_complete", "lifecycle": 5, "checkpoint": 6, "fits": 778}
{"phase": "fit_complete", "lifecycle": 8, "checkpoint": 6, "fits": 778}
{"phase": "fit_complete", "lifecycle": 4, "checkpoint": 6, "fits": 778}
{"phase": "fit_complete", "lifecycle": 6, "checkpoint": 6, "fits": 778}
{"phase": "paired_games", "lifecycle": 3, "checkpoint": 6, "query": "reward", "replica": 0, "scores": {"H2_ONLY": 7428, "MC": 7428, "MC_EXTRA": 7428, "V91_DECOMPOSED": 5852, "V92_CORRECTED": 5816, "MC_TAIL": 5852, "FQE": 7832}}
{"phase": "paired_games", "lifecycle": 8, "checkpoint": 6, "query": "reward", "replica": 0, "scores": {"H2_ONLY": 6480, "MC": 6480, "MC_EXTRA": 14648, "V91_DECOMPOSED": 7188, "V92_CORRECTED": 6480, "MC_TAIL": 6480, "FQE": 6480}}
{"phase": "paired_games", "lifecycle": 7, "checkpoint": 6, "query": "reward", "replica": 0, "scores": {"H2_ONLY": 10516, "MC": 10516, "MC_EXTRA": 10516, "V91_DECOMPOSED": 10516, "V92_CORRECTED": 10516, "MC_TAIL": 3180, "FQE": 10516}}
{"phase": "paired_games", "lifecycle": 4, "checkpoint": 6, "query": "reward", "replica": 0, "scores": {"H2_ONLY": 12240, "MC": 12240, "MC_EXTRA": 12240, "V91_DECOMPOSED": 7224, "V92_CORRECTED": 12240, "MC_TAIL": 3096, "FQE": 7224}}
{"phase": "paired_games", "lifecycle": 5, "checkpoint": 6, "query": "reward", "replica": 0, "scores": {"H2_ONLY": 6336, "MC": 14528, "MC_EXTRA": 14304, "V91_DECOMPOSED": 14528, "V92_CORRECTED": 14528, "MC_TAIL": 7044, "FQE": 14304}}
{"phase": "paired_games", "lifecycle": 6, "checkpoint": 6, "query": "reward", "replica": 0, "scores": {"H2_ONLY": 5716, "MC": 16260, "MC_EXTRA": 16260, "V91_DECOMPOSED": 3140, "V92_CORRECTED": 16260, "MC_TAIL": 16260, "FQE": 11596}}
{"phase": "paired_games", "lifecycle": 3, "checkpoint": 6, "query": "risk_goal", "replica": 0, "scores": {"H2_ONLY": 7476, "MC": 5408, "MC_EXTRA": 5408, "V91_DECOMPOSED": 5408, "V92_CORRECTED": 5408, "MC_TAIL": 15688, "FQE": 5408}}
{"phase": "paired_games", "lifecycle": 7, "checkpoint": 6, "query": "risk_goal", "replica": 0, "scores": {"H2_ONLY": 10516, "MC": 10516, "MC_EXTRA": 7300, "V91_DECOMPOSED": 3180, "V92_CORRECTED": 10516, "MC_TAIL": 7300, "FQE": 7300}}
{"phase": "paired_games", "lifecycle": 8, "checkpoint": 6, "query": "risk_goal", "replica": 0, "scores": {"H2_ONLY": 6492, "MC": 6492, "MC_EXTRA": 6492, "V91_DECOMPOSED": 14616, "V92_CORRECTED": 6492, "MC_TAIL": 14616, "FQE": 6492}}
{"phase": "paired_games", "lifecycle": 5, "checkpoint": 6, "query": "risk_goal", "replica": 0, "scores": {"H2_ONLY": 6336, "MC": 14600, "MC_EXTRA": 14508, "V91_DECOMPOSED": 7056, "V92_CORRECTED": 7056, "MC_TAIL": 7056, "FQE": 7056}}
{"phase": "paired_games", "lifecycle": 4, "checkpoint": 6, "query": "risk_goal", "replica": 0, "scores": {"H2_ONLY": 12240, "MC": 11968, "MC_EXTRA": 14484, "V91_DECOMPOSED": 14484, "V92_CORRECTED": 11968, "MC_TAIL": 3096, "FQE": 14484}}
{"phase": "paired_games", "lifecycle": 3, "checkpoint": 6, "query": "reward", "replica": 1, "scores": {"H2_ONLY": 5280, "MC": 11432, "MC_EXTRA": 11432, "V91_DECOMPOSED": 6588, "V92_CORRECTED": 14796, "MC_TAIL": 5280, "FQE": 11432}}
{"phase": "paired_games", "lifecycle": 6, "checkpoint": 6, "query": "risk_goal", "replica": 0, "scores": {"H2_ONLY": 6072, "MC": 15448, "MC_EXTRA": 15448, "V91_DECOMPOSED": 3440, "V92_CORRECTED": 15448, "MC_TAIL": 3440, "FQE": 15448}}
{"phase": "paired_games", "lifecycle": 8, "checkpoint": 6, "query": "reward", "replica": 1, "scores": {"H2_ONLY": 7076, "MC": 7076, "MC_EXTRA": 6948, "V91_DECOMPOSED": 6948, "V92_CORRECTED": 7076, "MC_TAIL": 6948, "FQE": 5332}}
{"phase": "paired_games", "lifecycle": 7, "checkpoint": 6, "query": "reward", "replica": 1, "scores": {"H2_ONLY": 7204, "MC": 7204, "MC_EXTRA": 7204, "V91_DECOMPOSED": 5468, "V92_CORRECTED": 7204, "MC_TAIL": 16772, "FQE": 7204}}
{"phase": "paired_games", "lifecycle": 5, "checkpoint": 6, "query": "reward", "replica": 1, "scores": {"H2_ONLY": 6980, "MC": 10504, "MC_EXTRA": 1492, "V91_DECOMPOSED": 6980, "V92_CORRECTED": 10504, "MC_TAIL": 6980, "FQE": 6980}}
{"phase": "paired_games", "lifecycle": 4, "checkpoint": 6, "query": "reward", "replica": 1, "scores": {"H2_ONLY": 3528, "MC": 7188, "MC_EXTRA": 7188, "V91_DECOMPOSED": 11380, "V92_CORRECTED": 7188, "MC_TAIL": 3528, "FQE": 7188}}
{"phase": "paired_games", "lifecycle": 6, "checkpoint": 6, "query": "reward", "replica": 1, "scores": {"H2_ONLY": 7040, "MC": 7040, "MC_EXTRA": 7040, "V91_DECOMPOSED": 12092, "V92_CORRECTED": 7040, "MC_TAIL": 7040, "FQE": 12040}}
{"phase": "paired_games", "lifecycle": 8, "checkpoint": 6, "query": "risk_goal", "replica": 1, "scores": {"H2_ONLY": 10508, "MC": 10508, "MC_EXTRA": 10508, "V91_DECOMPOSED": 6932, "V92_CORRECTED": 10508, "MC_TAIL": 6932, "FQE": 10508}}
{"phase": "paired_games", "lifecycle": 3, "checkpoint": 6, "query": "risk_goal", "replica": 1, "scores": {"H2_ONLY": 14008, "MC": 15392, "MC_EXTRA": 15392, "V91_DECOMPOSED": 6588, "V92_CORRECTED": 15392, "MC_TAIL": 15392, "FQE": 6772}}
{"phase": "paired_games", "lifecycle": 7, "checkpoint": 6, "query": "risk_goal", "replica": 1, "scores": {"H2_ONLY": 7248, "MC": 7248, "MC_EXTRA": 11860, "V91_DECOMPOSED": 16772, "V92_CORRECTED": 7248, "MC_TAIL": 11860, "FQE": 11860}}
{"phase": "paired_games", "lifecycle": 5, "checkpoint": 6, "query": "risk_goal", "replica": 1, "scores": {"H2_ONLY": 6980, "MC": 6980, "MC_EXTRA": 6756, "V91_DECOMPOSED": 6980, "V92_CORRECTED": 6980, "MC_TAIL": 6980, "FQE": 6980}}
{"phase": "paired_games", "lifecycle": 4, "checkpoint": 6, "query": "risk_goal", "replica": 1, "scores": {"H2_ONLY": 3528, "MC": 3528, "MC_EXTRA": 3528, "V91_DECOMPOSED": 7244, "V92_CORRECTED": 15388, "MC_TAIL": 3528, "FQE": 7244}}
{"phase": "paired_games", "lifecycle": 6, "checkpoint": 6, "query": "risk_goal", "replica": 1, "scores": {"H2_ONLY": 7040, "MC": 7040, "MC_EXTRA": 7040, "V91_DECOMPOSED": 11804, "V92_CORRECTED": 7040, "MC_TAIL": 11804, "FQE": 3088}}
{"phase": "paired_games", "lifecycle": 8, "checkpoint": 6, "query": "reward", "replica": 2, "scores": {"H2_ONLY": 7128, "MC": 7128, "MC_EXTRA": 7128, "V91_DECOMPOSED": 7568, "V92_CORRECTED": 7128, "MC_TAIL": 7128, "FQE": 7128}}
{"phase": "paired_games", "lifecycle": 3, "checkpoint": 6, "query": "reward", "replica": 2, "scores": {"H2_ONLY": 7072, "MC": 6568, "MC_EXTRA": 7072, "V91_DECOMPOSED": 7576, "V92_CORRECTED": 7072, "MC_TAIL": 7576, "FQE": 7276}}
{"phase": "paired_games", "lifecycle": 4, "checkpoint": 6, "query": "reward", "replica": 2, "scores": {"H2_ONLY": 3780, "MC": 7336, "MC_EXTRA": 7336, "V91_DECOMPOSED": 7336, "V92_CORRECTED": 7336, "MC_TAIL": 3780, "FQE": 7336}}
{"phase": "paired_games", "lifecycle": 7, "checkpoint": 6, "query": "reward", "replica": 2, "scores": {"H2_ONLY": 7892, "MC": 6884, "MC_EXTRA": 6884, "V91_DECOMPOSED": 7176, "V92_CORRECTED": 6884, "MC_TAIL": 7660, "FQE": 7892}}
{"phase": "paired_games", "lifecycle": 5, "checkpoint": 6, "query": "reward", "replica": 2, "scores": {"H2_ONLY": 10564, "MC": 12564, "MC_EXTRA": 15772, "V91_DECOMPOSED": 10564, "V92_CORRECTED": 12564, "MC_TAIL": 10564, "FQE": 10564}}
{"phase": "paired_games", "lifecycle": 4, "checkpoint": 6, "query": "risk_goal", "replica": 2, "scores": {"H2_ONLY": 6976, "MC": 6976, "MC_EXTRA": 6976, "V91_DECOMPOSED": 7336, "V92_CORRECTED": 7196, "MC_TAIL": 6976, "FQE": 7336}}
{"phase": "paired_games", "lifecycle": 3, "checkpoint": 6, "query": "risk_goal", "replica": 2, "scores": {"H2_ONLY": 7072, "MC": 10348, "MC_EXTRA": 10348, "V91_DECOMPOSED": 7308, "V92_CORRECTED": 10348, "MC_TAIL": 10348, "FQE": 7308}}
{"phase": "paired_games", "lifecycle": 8, "checkpoint": 6, "query": "risk_goal", "replica": 2, "scores": {"H2_ONLY": 7128, "MC": 7128, "MC_EXTRA": 7128, "V91_DECOMPOSED": 15760, "V92_CORRECTED": 7128, "MC_TAIL": 15760, "FQE": 7592}}
{"phase": "paired_games", "lifecycle": 6, "checkpoint": 6, "query": "reward", "replica": 2, "scores": {"H2_ONLY": 12384, "MC": 12384, "MC_EXTRA": 12384, "V91_DECOMPOSED": 16096, "V92_CORRECTED": 12384, "MC_TAIL": 12384, "FQE": 12316}}
{"phase": "paired_games", "lifecycle": 7, "checkpoint": 6, "query": "risk_goal", "replica": 2, "scores": {"H2_ONLY": 7892, "MC": 14440, "MC_EXTRA": 14440, "V91_DECOMPOSED": 14440, "V92_CORRECTED": 14440, "MC_TAIL": 14440, "FQE": 14440}}
{"phase": "paired_games", "lifecycle": 8, "checkpoint": 6, "query": "reward", "replica": 3, "scores": {"H2_ONLY": 7112, "MC": 7112, "MC_EXTRA": 7112, "V91_DECOMPOSED": 3488, "V92_CORRECTED": 7112, "MC_TAIL": 3488, "FQE": 7988}}
{"phase": "paired_games", "lifecycle": 5, "checkpoint": 6, "query": "risk_goal", "replica": 2, "scores": {"H2_ONLY": 10580, "MC": 10580, "MC_EXTRA": 12576, "V91_DECOMPOSED": 10580, "V92_CORRECTED": 10580, "MC_TAIL": 10580, "FQE": 10580}}
{"phase": "paired_games", "lifecycle": 4, "checkpoint": 6, "query": "reward", "replica": 3, "scores": {"H2_ONLY": 12396, "MC": 12396, "MC_EXTRA": 12396, "V91_DECOMPOSED": 7980, "V92_CORRECTED": 12396, "MC_TAIL": 12396, "FQE": 12396}}
{"phase": "paired_games", "lifecycle": 7, "checkpoint": 6, "query": "reward", "replica": 3, "scores": {"H2_ONLY": 7176, "MC": 5544, "MC_EXTRA": 5544, "V91_DECOMPOSED": 14368, "V92_CORRECTED": 5544, "MC_TAIL": 7148, "FQE": 7176}}
{"phase": "paired_games", "lifecycle": 3, "checkpoint": 6, "query": "reward", "replica": 3, "scores": {"H2_ONLY": 15444, "MC": 15444, "MC_EXTRA": 15444, "V91_DECOMPOSED": 6716, "V92_CORRECTED": 7084, "MC_TAIL": 15444, "FQE": 7536}}
{"phase": "paired_games", "lifecycle": 5, "checkpoint": 6, "query": "reward", "replica": 3, "scores": {"H2_ONLY": 5500, "MC": 5500, "MC_EXTRA": 3468, "V91_DECOMPOSED": 5500, "V92_CORRECTED": 5500, "MC_TAIL": 7468, "FQE": 3468}}
{"phase": "paired_games", "lifecycle": 8, "checkpoint": 6, "query": "risk_goal", "replica": 3, "scores": {"H2_ONLY": 7112, "MC": 7112, "MC_EXTRA": 7112, "V91_DECOMPOSED": 3488, "V92_CORRECTED": 7112, "MC_TAIL": 3488, "FQE": 8184}}
{"phase": "paired_games", "lifecycle": 6, "checkpoint": 6, "query": "risk_goal", "replica": 2, "scores": {"H2_ONLY": 11948, "MC": 12352, "MC_EXTRA": 11948, "V91_DECOMPOSED": 16096, "V92_CORRECTED": 12352, "MC_TAIL": 16096, "FQE": 15140}}
{"phase": "paired_games", "lifecycle": 7, "checkpoint": 6, "query": "risk_goal", "replica": 3, "scores": {"H2_ONLY": 7192, "MC": 3436, "MC_EXTRA": 3436, "V91_DECOMPOSED": 3436, "V92_CORRECTED": 3436, "MC_TAIL": 3436, "FQE": 3436}}
{"phase": "paired_games", "lifecycle": 5, "checkpoint": 6, "query": "risk_goal", "replica": 3, "scores": {"H2_ONLY": 5500, "MC": 5500, "MC_EXTRA": 5500, "V91_DECOMPOSED": 7360, "V92_CORRECTED": 5500, "MC_TAIL": 7360, "FQE": 7360}}
{"phase": "paired_games", "lifecycle": 4, "checkpoint": 6, "query": "risk_goal", "replica": 3, "scores": {"H2_ONLY": 12396, "MC": 12396, "MC_EXTRA": 12396, "V91_DECOMPOSED": 12396, "V92_CORRECTED": 12240, "MC_TAIL": 12396, "FQE": 12396}}
{"phase": "paired_games", "lifecycle": 8, "checkpoint": 6, "query": "reward", "replica": 4, "scores": {"H2_ONLY": 7260, "MC": 7260, "MC_EXTRA": 12344, "V91_DECOMPOSED": 12344, "V92_CORRECTED": 7260, "MC_TAIL": 7260, "FQE": 7260}}
{"phase": "paired_games", "lifecycle": 3, "checkpoint": 6, "query": "risk_goal", "replica": 3, "scores": {"H2_ONLY": 5296, "MC": 11908, "MC_EXTRA": 11908, "V91_DECOMPOSED": 11908, "V92_CORRECTED": 11908, "MC_TAIL": 7116, "FQE": 11908}}
{"phase": "paired_games", "lifecycle": 6, "checkpoint": 6, "query": "reward", "replica": 3, "scores": {"H2_ONLY": 10724, "MC": 10724, "MC_EXTRA": 10724, "V91_DECOMPOSED": 7416, "V92_CORRECTED": 10724, "MC_TAIL": 10724, "FQE": 6412}}
{"phase": "paired_games", "lifecycle": 7, "checkpoint": 6, "query": "reward", "replica": 4, "scores": {"H2_ONLY": 5472, "MC": 7332, "MC_EXTRA": 7332, "V91_DECOMPOSED": 7332, "V92_CORRECTED": 7332, "MC_TAIL": 7040, "FQE": 5472}}
{"phase": "paired_games", "lifecycle": 5, "checkpoint": 6, "query": "reward", "replica": 4, "scores": {"H2_ONLY": 7448, "MC": 7448, "MC_EXTRA": 7448, "V91_DECOMPOSED": 7448, "V92_CORRECTED": 7448, "MC_TAIL": 7448, "FQE": 7448}}
{"phase": "paired_games", "lifecycle": 7, "checkpoint": 6, "query": "risk_goal", "replica": 4, "scores": {"H2_ONLY": 5472, "MC": 3172, "MC_EXTRA": 3172, "V91_DECOMPOSED": 3172, "V92_CORRECTED": 3172, "MC_TAIL": 3172, "FQE": 3172}}
{"phase": "paired_games", "lifecycle": 6, "checkpoint": 6, "query": "risk_goal", "replica": 3, "scores": {"H2_ONLY": 3384, "MC": 3384, "MC_EXTRA": 3384, "V91_DECOMPOSED": 7416, "V92_CORRECTED": 3384, "MC_TAIL": 7416, "FQE": 12048}}
{"phase": "paired_games", "lifecycle": 8, "checkpoint": 6, "query": "risk_goal", "replica": 4, "scores": {"H2_ONLY": 7220, "MC": 7220, "MC_EXTRA": 7220, "V91_DECOMPOSED": 12344, "V92_CORRECTED": 7220, "MC_TAIL": 12344, "FQE": 7220}}
{"phase": "paired_games", "lifecycle": 3, "checkpoint": 6, "query": "reward", "replica": 4, "scores": {"H2_ONLY": 11384, "MC": 11384, "MC_EXTRA": 11384, "V91_DECOMPOSED": 7088, "V92_CORRECTED": 5928, "MC_TAIL": 11384, "FQE": 7052}}
{"phase": "paired_games", "lifecycle": 4, "checkpoint": 6, "query": "reward", "replica": 4, "scores": {"H2_ONLY": 12364, "MC": 12452, "MC_EXTRA": 12452, "V91_DECOMPOSED": 14148, "V92_CORRECTED": 12452, "MC_TAIL": 12364, "FQE": 12452}}
{"phase": "paired_games", "lifecycle": 7, "checkpoint": 6, "query": "reward", "replica": 5, "scores": {"H2_ONLY": 10488, "MC": 7048, "MC_EXTRA": 7048, "V91_DECOMPOSED": 10488, "V92_CORRECTED": 7048, "MC_TAIL": 7420, "FQE": 10488}}
{"phase": "paired_games", "lifecycle": 5, "checkpoint": 6, "query": "risk_goal", "replica": 4, "scores": {"H2_ONLY": 7616, "MC": 7616, "MC_EXTRA": 7532, "V91_DECOMPOSED": 15876, "V92_CORRECTED": 7616, "MC_TAIL": 7616, "FQE": 7616}}
{"phase": "paired_games", "lifecycle": 6, "checkpoint": 6, "query": "reward", "replica": 4, "scores": {"H2_ONLY": 11472, "MC": 7196, "MC_EXTRA": 7196, "V91_DECOMPOSED": 7108, "V92_CORRECTED": 7196, "MC_TAIL": 3304, "FQE": 7196}}
{"phase": "paired_games", "lifecycle": 3, "checkpoint": 6, "query": "risk_goal", "replica": 4, "scores": {"H2_ONLY": 11448, "MC": 7052, "MC_EXTRA": 7052, "V91_DECOMPOSED": 7052, "V92_CORRECTED": 7052, "MC_TAIL": 4276, "FQE": 7052}}
{"phase": "paired_games", "lifecycle": 8, "checkpoint": 6, "query": "reward", "replica": 5, "scores": {"H2_ONLY": 7240, "MC": 7240, "MC_EXTRA": 7240, "V91_DECOMPOSED": 12452, "V92_CORRECTED": 7240, "MC_TAIL": 12452, "FQE": 12104}}
{"phase": "paired_games", "lifecycle": 4, "checkpoint": 6, "query": "risk_goal", "replica": 4, "scores": {"H2_ONLY": 12772, "MC": 12772, "MC_EXTRA": 12772, "V91_DECOMPOSED": 12464, "V92_CORRECTED": 6524, "MC_TAIL": 12772, "FQE": 12464}}
{"phase": "paired_games", "lifecycle": 5, "checkpoint": 6, "query": "reward", "replica": 5, "scores": {"H2_ONLY": 5700, "MC": 12184, "MC_EXTRA": 7416, "V91_DECOMPOSED": 5700, "V92_CORRECTED": 12184, "MC_TAIL": 6540, "FQE": 6540}}
{"phase": "paired_games", "lifecycle": 7, "checkpoint": 6, "query": "risk_goal", "replica": 5, "scores": {"H2_ONLY": 10656, "MC": 12556, "MC_EXTRA": 8256, "V91_DECOMPOSED": 7420, "V92_CORRECTED": 12556, "MC_TAIL": 8256, "FQE": 8256}}
{"phase": "paired_games", "lifecycle": 6, "checkpoint": 6, "query": "risk_goal", "replica": 4, "scores": {"H2_ONLY": 7132, "MC": 7196, "MC_EXTRA": 7196, "V91_DECOMPOSED": 6600, "V92_CORRECTED": 7196, "MC_TAIL": 7196, "FQE": 7940}}
{"phase": "paired_games", "lifecycle": 8, "checkpoint": 6, "query": "risk_goal", "replica": 5, "scores": {"H2_ONLY": 7240, "MC": 7240, "MC_EXTRA": 7240, "V91_DECOMPOSED": 12720, "V92_CORRECTED": 7240, "MC_TAIL": 12720, "FQE": 7240}}
{"phase": "paired_games", "lifecycle": 3, "checkpoint": 6, "query": "reward", "replica": 5, "scores": {"H2_ONLY": 7348, "MC": 6212, "MC_EXTRA": 7348, "V91_DECOMPOSED": 7348, "V92_CORRECTED": 12152, "MC_TAIL": 7348, "FQE": 11260}}
{"phase": "paired_games", "lifecycle": 5, "checkpoint": 6, "query": "risk_goal", "replica": 5, "scores": {"H2_ONLY": 7116, "MC": 7116, "MC_EXTRA": 12844, "V91_DECOMPOSED": 6780, "V92_CORRECTED": 7116, "MC_TAIL": 6780, "FQE": 6780}}
{"phase": "paired_games", "lifecycle": 7, "checkpoint": 6, "query": "reward", "replica": 6, "scores": {"H2_ONLY": 5688, "MC": 8764, "MC_EXTRA": 8764, "V91_DECOMPOSED": 5688, "V92_CORRECTED": 8764, "MC_TAIL": 8764, "FQE": 5688}}
{"phase": "paired_games", "lifecycle": 4, "checkpoint": 6, "query": "reward", "replica": 5, "scores": {"H2_ONLY": 10496, "MC": 10496, "MC_EXTRA": 10496, "V91_DECOMPOSED": 14604, "V92_CORRECTED": 10496, "MC_TAIL": 10496, "FQE": 10496}}
{"phase": "paired_games", "lifecycle": 8, "checkpoint": 6, "query": "reward", "replica": 6, "scores": {"H2_ONLY": 14712, "MC": 3808, "MC_EXTRA": 7132, "V91_DECOMPOSED": 5552, "V92_CORRECTED": 14712, "MC_TAIL": 14712, "FQE": 14712}}
{"phase": "paired_games", "lifecycle": 5, "checkpoint": 6, "query": "reward", "replica": 6, "scores": {"H2_ONLY": 5336, "MC": 7528, "MC_EXTRA": 5336, "V91_DECOMPOSED": 5336, "V92_CORRECTED": 7528, "MC_TAIL": 5680, "FQE": 5680}}
{"phase": "paired_games", "lifecycle": 6, "checkpoint": 6, "query": "reward", "replica": 5, "scores": {"H2_ONLY": 12248, "MC": 12248, "MC_EXTRA": 12248, "V91_DECOMPOSED": 12300, "V92_CORRECTED": 12248, "MC_TAIL": 12248, "FQE": 12248}}
{"phase": "paired_games", "lifecycle": 3, "checkpoint": 6, "query": "risk_goal", "replica": 5, "scores": {"H2_ONLY": 11712, "MC": 12196, "MC_EXTRA": 12196, "V91_DECOMPOSED": 10816, "V92_CORRECTED": 12196, "MC_TAIL": 12196, "FQE": 10816}}
{"phase": "paired_games", "lifecycle": 7, "checkpoint": 6, "query": "risk_goal", "replica": 6, "scores": {"H2_ONLY": 5692, "MC": 13732, "MC_EXTRA": 5692, "V91_DECOMPOSED": 12556, "V92_CORRECTED": 13732, "MC_TAIL": 12436, "FQE": 12436}}
{"phase": "paired_games", "lifecycle": 4, "checkpoint": 6, "query": "risk_goal", "replica": 5, "scores": {"H2_ONLY": 10496, "MC": 10592, "MC_EXTRA": 14604, "V91_DECOMPOSED": 10496, "V92_CORRECTED": 7116, "MC_TAIL": 7116, "FQE": 10496}}
{"phase": "paired_games", "lifecycle": 8, "checkpoint": 6, "query": "risk_goal", "replica": 6, "scores": {"H2_ONLY": 12548, "MC": 5508, "MC_EXTRA": 5508, "V91_DECOMPOSED": 7160, "V92_CORRECTED": 5508, "MC_TAIL": 7160, "FQE": 12548}}
{"phase": "paired_games", "lifecycle": 5, "checkpoint": 6, "query": "risk_goal", "replica": 6, "scores": {"H2_ONLY": 7196, "MC": 7196, "MC_EXTRA": 7196, "V91_DECOMPOSED": 16012, "V92_CORRECTED": 7196, "MC_TAIL": 16012, "FQE": 16012}}
{"phase": "paired_games", "lifecycle": 3, "checkpoint": 6, "query": "reward", "replica": 6, "scores": {"H2_ONLY": 12368, "MC": 12368, "MC_EXTRA": 12368, "V91_DECOMPOSED": 6876, "V92_CORRECTED": 7448, "MC_TAIL": 12368, "FQE": 12368}}
{"phase": "paired_games", "lifecycle": 7, "checkpoint": 6, "query": "reward", "replica": 7, "scores": {"H2_ONLY": 6580, "MC": 12136, "MC_EXTRA": 12136, "V91_DECOMPOSED": 6580, "V92_CORRECTED": 12136, "MC_TAIL": 7944, "FQE": 6580}}
{"phase": "paired_games", "lifecycle": 6, "checkpoint": 6, "query": "risk_goal", "replica": 5, "scores": {"H2_ONLY": 13900, "MC": 13900, "MC_EXTRA": 13900, "V91_DECOMPOSED": 6888, "V92_CORRECTED": 13900, "MC_TAIL": 13900, "FQE": 14656}}
{"phase": "paired_games", "lifecycle": 8, "checkpoint": 6, "query": "reward", "replica": 7, "scores": {"H2_ONLY": 12392, "MC": 12392, "MC_EXTRA": 3236, "V91_DECOMPOSED": 5220, "V92_CORRECTED": 12392, "MC_TAIL": 12392, "FQE": 12392}}
{"phase": "paired_games", "lifecycle": 3, "checkpoint": 6, "query": "risk_goal", "replica": 6, "scores": {"H2_ONLY": 7324, "MC": 3568, "MC_EXTRA": 3568, "V91_DECOMPOSED": 3568, "V92_CORRECTED": 3568, "MC_TAIL": 7324, "FQE": 3568}}
{"phase": "paired_games", "lifecycle": 4, "checkpoint": 6, "query": "reward", "replica": 6, "scores": {"H2_ONLY": 14372, "MC": 14372, "MC_EXTRA": 14372, "V91_DECOMPOSED": 10804, "V92_CORRECTED": 14372, "MC_TAIL": 14372, "FQE": 12224}}
{"phase": "paired_games", "lifecycle": 7, "checkpoint": 6, "query": "risk_goal", "replica": 7, "scores": {"H2_ONLY": 6596, "MC": 6596, "MC_EXTRA": 7036, "V91_DECOMPOSED": 7944, "V92_CORRECTED": 6596, "MC_TAIL": 7944, "FQE": 7036}}
{"phase": "paired_games", "lifecycle": 5, "checkpoint": 6, "query": "reward", "replica": 7, "scores": {"H2_ONLY": 12388, "MC": 12388, "MC_EXTRA": 7212, "V91_DECOMPOSED": 12388, "V92_CORRECTED": 12388, "MC_TAIL": 7212, "FQE": 7212}}
{"phase": "paired_games", "lifecycle": 6, "checkpoint": 6, "query": "reward", "replica": 6, "scores": {"H2_ONLY": 15432, "MC": 12400, "MC_EXTRA": 7516, "V91_DECOMPOSED": 3472, "V92_CORRECTED": 12400, "MC_TAIL": 7516, "FQE": 12400}}
{"phase": "paired_games", "lifecycle": 3, "checkpoint": 6, "query": "reward", "replica": 7, "scores": {"H2_ONLY": 12160, "MC": 12160, "MC_EXTRA": 12160, "V91_DECOMPOSED": 5324, "V92_CORRECTED": 12160, "MC_TAIL": 7192, "FQE": 5324}}
{"phase": "paired_games", "lifecycle": 8, "checkpoint": 6, "query": "risk_goal", "replica": 7, "scores": {"H2_ONLY": 12392, "MC": 12392, "MC_EXTRA": 12392, "V91_DECOMPOSED": 7424, "V92_CORRECTED": 12392, "MC_TAIL": 7424, "FQE": 12392}}
{"phase": "paired_games", "lifecycle": 4, "checkpoint": 6, "query": "risk_goal", "replica": 6, "scores": {"H2_ONLY": 14688, "MC": 7160, "MC_EXTRA": 12200, "V91_DECOMPOSED": 12200, "V92_CORRECTED": 7160, "MC_TAIL": 14688, "FQE": 12200}}
{"phase": "paired_games", "lifecycle": 7, "checkpoint": 6, "query": "reward", "replica": 8, "scores": {"H2_ONLY": 7380, "MC": 14280, "MC_EXTRA": 14280, "V91_DECOMPOSED": 12352, "V92_CORRECTED": 14280, "MC_TAIL": 7304, "FQE": 7380}}
{"phase": "paired_games", "lifecycle": 6, "checkpoint": 6, "query": "risk_goal", "replica": 6, "scores": {"H2_ONLY": 15736, "MC": 7056, "MC_EXTRA": 15736, "V91_DECOMPOSED": 12148, "V92_CORRECTED": 7056, "MC_TAIL": 12148, "FQE": 3472}}
{"phase": "paired_games", "lifecycle": 5, "checkpoint": 6, "query": "risk_goal", "replica": 7, "scores": {"H2_ONLY": 12432, "MC": 12432, "MC_EXTRA": 12432, "V91_DECOMPOSED": 13684, "V92_CORRECTED": 12432, "MC_TAIL": 12432, "FQE": 12432}}
{"phase": "paired_games", "lifecycle": 4, "checkpoint": 6, "query": "reward", "replica": 7, "scores": {"H2_ONLY": 3568, "MC": 3408, "MC_EXTRA": 3408, "V91_DECOMPOSED": 12148, "V92_CORRECTED": 3408, "MC_TAIL": 8064, "FQE": 3408}}
{"phase": "paired_games", "lifecycle": 8, "checkpoint": 6, "query": "reward", "replica": 8, "scores": {"H2_ONLY": 7180, "MC": 7180, "MC_EXTRA": 7204, "V91_DECOMPOSED": 3020, "V92_CORRECTED": 7180, "MC_TAIL": 7180, "FQE": 7180}}
{"phase": "paired_games", "lifecycle": 3, "checkpoint": 6, "query": "risk_goal", "replica": 7, "scores": {"H2_ONLY": 12160, "MC": 7276, "MC_EXTRA": 7276, "V91_DECOMPOSED": 7276, "V92_CORRECTED": 7276, "MC_TAIL": 7172, "FQE": 7172}}
{"phase": "paired_games", "lifecycle": 4, "checkpoint": 6, "query": "risk_goal", "replica": 7, "scores": {"H2_ONLY": 3568, "MC": 3568, "MC_EXTRA": 3568, "V91_DECOMPOSED": 3448, "V92_CORRECTED": 7408, "MC_TAIL": 8064, "FQE": 3448}}
{"phase": "paired_games", "lifecycle": 7, "checkpoint": 6, "query": "risk_goal", "replica": 8, "scores": {"H2_ONLY": 7092, "MC": 14300, "MC_EXTRA": 7100, "V91_DECOMPOSED": 7444, "V92_CORRECTED": 14300, "MC_TAIL": 7100, "FQE": 7100}}
{"phase": "paired_games", "lifecycle": 6, "checkpoint": 6, "query": "reward", "replica": 7, "scores": {"H2_ONLY": 6732, "MC": 6732, "MC_EXTRA": 15292, "V91_DECOMPOSED": 7032, "V92_CORRECTED": 6732, "MC_TAIL": 7032, "FQE": 15292}}
{"phase": "paired_games", "lifecycle": 5, "checkpoint": 6, "query": "reward", "replica": 8, "scores": {"H2_ONLY": 11544, "MC": 5356, "MC_EXTRA": 11544, "V91_DECOMPOSED": 11544, "V92_CORRECTED": 5356, "MC_TAIL": 7080, "FQE": 11544}}
{"phase": "paired_games", "lifecycle": 3, "checkpoint": 6, "query": "reward", "replica": 8, "scores": {"H2_ONLY": 7212, "MC": 7212, "MC_EXTRA": 7212, "V91_DECOMPOSED": 7212, "V92_CORRECTED": 12152, "MC_TAIL": 11336, "FQE": 7212}}
{"phase": "paired_games", "lifecycle": 8, "checkpoint": 6, "query": "risk_goal", "replica": 8, "scores": {"H2_ONLY": 12144, "MC": 12144, "MC_EXTRA": 12144, "V91_DECOMPOSED": 7204, "V92_CORRECTED": 12144, "MC_TAIL": 7204, "FQE": 12144}}
{"phase": "paired_games", "lifecycle": 4, "checkpoint": 6, "query": "reward", "replica": 8, "scores": {"H2_ONLY": 11888, "MC": 11888, "MC_EXTRA": 11888, "V91_DECOMPOSED": 5236, "V92_CORRECTED": 11888, "MC_TAIL": 11888, "FQE": 6792}}
{"phase": "paired_games", "lifecycle": 7, "checkpoint": 6, "query": "reward", "replica": 9, "scores": {"H2_ONLY": 12432, "MC": 12432, "MC_EXTRA": 12432, "V91_DECOMPOSED": 3104, "V92_CORRECTED": 12432, "MC_TAIL": 7208, "FQE": 12432}}
{"phase": "paired_games", "lifecycle": 3, "checkpoint": 6, "query": "risk_goal", "replica": 8, "scores": {"H2_ONLY": 7212, "MC": 7212, "MC_EXTRA": 7212, "V91_DECOMPOSED": 7212, "V92_CORRECTED": 7212, "MC_TAIL": 6720, "FQE": 6720}}
{"phase": "paired_games", "lifecycle": 5, "checkpoint": 6, "query": "risk_goal", "replica": 8, "scores": {"H2_ONLY": 11544, "MC": 11544, "MC_EXTRA": 5368, "V91_DECOMPOSED": 7912, "V92_CORRECTED": 11544, "MC_TAIL": 7912, "FQE": 7912}}
{"phase": "paired_games", "lifecycle": 6, "checkpoint": 6, "query": "risk_goal", "replica": 7, "scores": {"H2_ONLY": 16096, "MC": 15292, "MC_EXTRA": 16096, "V91_DECOMPOSED": 11680, "V92_CORRECTED": 15292, "MC_TAIL": 11680, "FQE": 10272}}
{"phase": "paired_games", "lifecycle": 8, "checkpoint": 6, "query": "reward", "replica": 9, "scores": {"H2_ONLY": 11504, "MC": 11504, "MC_EXTRA": 7112, "V91_DECOMPOSED": 7112, "V92_CORRECTED": 11504, "MC_TAIL": 11504, "FQE": 11504}}
{"phase": "paired_games", "lifecycle": 4, "checkpoint": 6, "query": "risk_goal", "replica": 8, "scores": {"H2_ONLY": 11888, "MC": 5672, "MC_EXTRA": 6792, "V91_DECOMPOSED": 6792, "V92_CORRECTED": 5672, "MC_TAIL": 11888, "FQE": 6792}}
{"phase": "paired_games", "lifecycle": 3, "checkpoint": 6, "query": "reward", "replica": 9, "scores": {"H2_ONLY": 7324, "MC": 10700, "MC_EXTRA": 7324, "V91_DECOMPOSED": 15384, "V92_CORRECTED": 5524, "MC_TAIL": 10700, "FQE": 7324}}
{"phase": "paired_games", "lifecycle": 5, "checkpoint": 6, "query": "reward", "replica": 9, "scores": {"H2_ONLY": 12172, "MC": 12172, "MC_EXTRA": 7056, "V91_DECOMPOSED": 12172, "V92_CORRECTED": 12172, "MC_TAIL": 7056, "FQE": 7056}}
{"phase": "paired_games", "lifecycle": 7, "checkpoint": 6, "query": "risk_goal", "replica": 9, "scores": {"H2_ONLY": 14832, "MC": 14832, "MC_EXTRA": 14620, "V91_DECOMPOSED": 7208, "V92_CORRECTED": 14832, "MC_TAIL": 14620, "FQE": 14620}}
{"phase": "paired_games", "lifecycle": 8, "checkpoint": 6, "query": "risk_goal", "replica": 9, "scores": {"H2_ONLY": 11504, "MC": 11504, "MC_EXTRA": 11504, "V91_DECOMPOSED": 7112, "V92_CORRECTED": 11504, "MC_TAIL": 7112, "FQE": 11504}}
{"phase": "paired_games", "lifecycle": 6, "checkpoint": 6, "query": "reward", "replica": 8, "scores": {"H2_ONLY": 15492, "MC": 15492, "MC_EXTRA": 15492, "V91_DECOMPOSED": 7364, "V92_CORRECTED": 15492, "MC_TAIL": 15492, "FQE": 7192}}
{"phase": "paired_games", "lifecycle": 4, "checkpoint": 6, "query": "reward", "replica": 9, "scores": {"H2_ONLY": 14320, "MC": 7132, "MC_EXTRA": 7132, "V91_DECOMPOSED": 7208, "V92_CORRECTED": 7132, "MC_TAIL": 14320, "FQE": 7132}}
{"phase": "paired_games", "lifecycle": 7, "checkpoint": 6, "query": "reward", "replica": 10, "scores": {"H2_ONLY": 3756, "MC": 7032, "MC_EXTRA": 7032, "V91_DECOMPOSED": 7072, "V92_CORRECTED": 7032, "MC_TAIL": 12060, "FQE": 3756}}
{"phase": "paired_games", "lifecycle": 3, "checkpoint": 6, "query": "risk_goal", "replica": 9, "scores": {"H2_ONLY": 8300, "MC": 5524, "MC_EXTRA": 5524, "V91_DECOMPOSED": 16264, "V92_CORRECTED": 5524, "MC_TAIL": 8300, "FQE": 16264}}
{"phase": "paired_games", "lifecycle": 8, "checkpoint": 6, "query": "reward", "replica": 10, "scores": {"H2_ONLY": 3232, "MC": 3232, "MC_EXTRA": 14132, "V91_DECOMPOSED": 20312, "V92_CORRECTED": 3232, "MC_TAIL": 3232, "FQE": 7300}}
{"phase": "paired_games", "lifecycle": 5, "checkpoint": 6, "query": "risk_goal", "replica": 9, "scores": {"H2_ONLY": 12236, "MC": 12236, "MC_EXTRA": 12236, "V91_DECOMPOSED": 12236, "V92_CORRECTED": 12236, "MC_TAIL": 7056, "FQE": 7056}}
{"phase": "paired_games", "lifecycle": 6, "checkpoint": 6, "query": "risk_goal", "replica": 8, "scores": {"H2_ONLY": 15492, "MC": 7208, "MC_EXTRA": 15492, "V91_DECOMPOSED": 7364, "V92_CORRECTED": 7208, "MC_TAIL": 7364, "FQE": 15492}}
{"phase": "paired_games", "lifecycle": 4, "checkpoint": 6, "query": "risk_goal", "replica": 9, "scores": {"H2_ONLY": 16152, "MC": 16152, "MC_EXTRA": 16152, "V91_DECOMPOSED": 7132, "V92_CORRECTED": 12036, "MC_TAIL": 16152, "FQE": 7132}}
{"phase": "paired_games", "lifecycle": 7, "checkpoint": 6, "query": "risk_goal", "replica": 10, "scores": {"H2_ONLY": 3756, "MC": 7032, "MC_EXTRA": 11420, "V91_DECOMPOSED": 12136, "V92_CORRECTED": 7032, "MC_TAIL": 11420, "FQE": 11420}}
{"phase": "paired_games", "lifecycle": 8, "checkpoint": 6, "query": "risk_goal", "replica": 10, "scores": {"H2_ONLY": 3232, "MC": 3232, "MC_EXTRA": 3232, "V91_DECOMPOSED": 15608, "V92_CORRECTED": 3232, "MC_TAIL": 15608, "FQE": 7300}}
{"phase": "paired_games", "lifecycle": 3, "checkpoint": 6, "query": "reward", "replica": 10, "scores": {"H2_ONLY": 5684, "MC": 5684, "MC_EXTRA": 5684, "V91_DECOMPOSED": 7296, "V92_CORRECTED": 6792, "MC_TAIL": 7296, "FQE": 15648}}
{"phase": "paired_games", "lifecycle": 8, "checkpoint": 6, "query": "reward", "replica": 11, "scores": {"H2_ONLY": 3204, "MC": 3204, "MC_EXTRA": 3204, "V91_DECOMPOSED": 3204, "V92_CORRECTED": 3204, "MC_TAIL": 7120, "FQE": 12104}}
{"phase": "paired_games", "lifecycle": 5, "checkpoint": 6, "query": "reward", "replica": 10, "scores": {"H2_ONLY": 14400, "MC": 14400, "MC_EXTRA": 14712, "V91_DECOMPOSED": 14400, "V92_CORRECTED": 14400, "MC_TAIL": 14712, "FQE": 14712}}
{"phase": "paired_games", "lifecycle": 6, "checkpoint": 6, "query": "reward", "replica": 9, "scores": {"H2_ONLY": 7080, "MC": 7080, "MC_EXTRA": 7484, "V91_DECOMPOSED": 10376, "V92_CORRECTED": 7080, "MC_TAIL": 10376, "FQE": 7484}}
{"phase": "paired_games", "lifecycle": 7, "checkpoint": 6, "query": "reward", "replica": 11, "scores": {"H2_ONLY": 7236, "MC": 7236, "MC_EXTRA": 7236, "V91_DECOMPOSED": 12056, "V92_CORRECTED": 7236, "MC_TAIL": 6024, "FQE": 7236}}
{"phase": "paired_games", "lifecycle": 3, "checkpoint": 6, "query": "risk_goal", "replica": 10, "scores": {"H2_ONLY": 5696, "MC": 6792, "MC_EXTRA": 6792, "V91_DECOMPOSED": 7192, "V92_CORRECTED": 6792, "MC_TAIL": 6792, "FQE": 7192}}
{"phase": "paired_games", "lifecycle": 4, "checkpoint": 6, "query": "reward", "replica": 10, "scores": {"H2_ONLY": 14120, "MC": 14120, "MC_EXTRA": 14120, "V91_DECOMPOSED": 12616, "V92_CORRECTED": 14120, "MC_TAIL": 14120, "FQE": 14120}}
{"phase": "paired_games", "lifecycle": 8, "checkpoint": 6, "query": "risk_goal", "replica": 11, "scores": {"H2_ONLY": 3204, "MC": 3204, "MC_EXTRA": 3204, "V91_DECOMPOSED": 7132, "V92_CORRECTED": 3204, "MC_TAIL": 7132, "FQE": 12136}}
{"phase": "paired_games", "lifecycle": 3, "checkpoint": 6, "query": "reward", "replica": 11, "scores": {"H2_ONLY": 3108, "MC": 3108, "MC_EXTRA": 3108, "V91_DECOMPOSED": 3488, "V92_CORRECTED": 7248, "MC_TAIL": 12400, "FQE": 3488}}
{"phase": "paired_games", "lifecycle": 7, "checkpoint": 6, "query": "risk_goal", "replica": 11, "scores": {"H2_ONLY": 7232, "MC": 7232, "MC_EXTRA": 7468, "V91_DECOMPOSED": 6024, "V92_CORRECTED": 7232, "MC_TAIL": 7468, "FQE": 7468}}
{"phase": "paired_games", "lifecycle": 6, "checkpoint": 6, "query": "risk_goal", "replica": 9, "scores": {"H2_ONLY": 7388, "MC": 7388, "MC_EXTRA": 7388, "V91_DECOMPOSED": 10376, "V92_CORRECTED": 7388, "MC_TAIL": 10376, "FQE": 7368}}
{"phase": "paired_games", "lifecycle": 5, "checkpoint": 6, "query": "risk_goal", "replica": 10, "scores": {"H2_ONLY": 14412, "MC": 14412, "MC_EXTRA": 12340, "V91_DECOMPOSED": 14412, "V92_CORRECTED": 14412, "MC_TAIL": 14728, "FQE": 14728}}
{"phase": "paired_games", "lifecycle": 3, "checkpoint": 6, "query": "risk_goal", "replica": 11, "scores": {"H2_ONLY": 3108, "MC": 3428, "MC_EXTRA": 3428, "V91_DECOMPOSED": 3428, "V92_CORRECTED": 3428, "MC_TAIL": 16728, "FQE": 16728}}
{"phase": "paired_games", "lifecycle": 8, "checkpoint": 6, "query": "reward", "replica": 12, "scores": {"H2_ONLY": 10528, "MC": 10528, "MC_EXTRA": 11548, "V91_DECOMPOSED": 20224, "V92_CORRECTED": 10528, "MC_TAIL": 10528, "FQE": 10528}}
{"phase": "paired_games", "lifecycle": 7, "checkpoint": 6, "query": "reward", "replica": 12, "scores": {"H2_ONLY": 7376, "MC": 7544, "MC_EXTRA": 7544, "V91_DECOMPOSED": 7376, "V92_CORRECTED": 7544, "MC_TAIL": 7376, "FQE": 7376}}
{"phase": "paired_games", "lifecycle": 6, "checkpoint": 6, "query": "reward", "replica": 10, "scores": {"H2_ONLY": 3352, "MC": 12532, "MC_EXTRA": 12532, "V91_DECOMPOSED": 3560, "V92_CORRECTED": 12532, "MC_TAIL": 3560, "FQE": 12532}}
{"phase": "paired_games", "lifecycle": 4, "checkpoint": 6, "query": "risk_goal", "replica": 10, "scores": {"H2_ONLY": 15368, "MC": 15368, "MC_EXTRA": 15368, "V91_DECOMPOSED": 15368, "V92_CORRECTED": 12472, "MC_TAIL": 15368, "FQE": 15368}}
{"phase": "paired_games", "lifecycle": 5, "checkpoint": 6, "query": "reward", "replica": 11, "scores": {"H2_ONLY": 7176, "MC": 6532, "MC_EXTRA": 7244, "V91_DECOMPOSED": 7176, "V92_CORRECTED": 6532, "MC_TAIL": 6912, "FQE": 7244}}
{"phase": "paired_games", "lifecycle": 3, "checkpoint": 6, "query": "reward", "replica": 12, "scores": {"H2_ONLY": 5232, "MC": 4124, "MC_EXTRA": 4124, "V91_DECOMPOSED": 5232, "V92_CORRECTED": 3964, "MC_TAIL": 6584, "FQE": 4124}}
{"phase": "paired_games", "lifecycle": 7, "checkpoint": 6, "query": "risk_goal", "replica": 12, "scores": {"H2_ONLY": 7388, "MC": 6072, "MC_EXTRA": 7544, "V91_DECOMPOSED": 6072, "V92_CORRECTED": 6072, "MC_TAIL": 6072, "FQE": 6072}}
{"phase": "paired_games", "lifecycle": 4, "checkpoint": 6, "query": "reward", "replica": 11, "scores": {"H2_ONLY": 5380, "MC": 6832, "MC_EXTRA": 6832, "V91_DECOMPOSED": 14420, "V92_CORRECTED": 6832, "MC_TAIL": 5380, "FQE": 6832}}
{"phase": "paired_games", "lifecycle": 6, "checkpoint": 6, "query": "risk_goal", "replica": 10, "scores": {"H2_ONLY": 12448, "MC": 12208, "MC_EXTRA": 12208, "V91_DECOMPOSED": 3560, "V92_CORRECTED": 12208, "MC_TAIL": 12208, "FQE": 3560}}
{"phase": "paired_games", "lifecycle": 5, "checkpoint": 6, "query": "risk_goal", "replica": 11, "scores": {"H2_ONLY": 7224, "MC": 7224, "MC_EXTRA": 6532, "V91_DECOMPOSED": 6912, "V92_CORRECTED": 7224, "MC_TAIL": 6912, "FQE": 6912}}
{"phase": "paired_games", "lifecycle": 3, "checkpoint": 6, "query": "risk_goal", "replica": 12, "scores": {"H2_ONLY": 14340, "MC": 3916, "MC_EXTRA": 3916, "V91_DECOMPOSED": 14340, "V92_CORRECTED": 3916, "MC_TAIL": 3916, "FQE": 4124}}
{"phase": "paired_games", "lifecycle": 8, "checkpoint": 6, "query": "risk_goal", "replica": 12, "scores": {"H2_ONLY": 12228, "MC": 12228, "MC_EXTRA": 12228, "V91_DECOMPOSED": 11548, "V92_CORRECTED": 12228, "MC_TAIL": 12228, "FQE": 12228}}
{"phase": "paired_games", "lifecycle": 7, "checkpoint": 6, "query": "reward", "replica": 13, "scores": {"H2_ONLY": 6872, "MC": 6872, "MC_EXTRA": 6872, "V91_DECOMPOSED": 12128, "V92_CORRECTED": 6872, "MC_TAIL": 6872, "FQE": 6872}}
{"phase": "paired_games", "lifecycle": 6, "checkpoint": 6, "query": "reward", "replica": 11, "scores": {"H2_ONLY": 7280, "MC": 1768, "MC_EXTRA": 1768, "V91_DECOMPOSED": 7280, "V92_CORRECTED": 1768, "MC_TAIL": 1768, "FQE": 14444}}
{"phase": "paired_games", "lifecycle": 4, "checkpoint": 6, "query": "risk_goal", "replica": 11, "scores": {"H2_ONLY": 7508, "MC": 7508, "MC_EXTRA": 7508, "V91_DECOMPOSED": 6832, "V92_CORRECTED": 7164, "MC_TAIL": 7508, "FQE": 6832}}
{"phase": "paired_games", "lifecycle": 3, "checkpoint": 6, "query": "reward", "replica": 13, "scores": {"H2_ONLY": 6968, "MC": 6968, "MC_EXTRA": 6968, "V91_DECOMPOSED": 5428, "V92_CORRECTED": 7144, "MC_TAIL": 6968, "FQE": 7072}}
{"phase": "paired_games", "lifecycle": 8, "checkpoint": 6, "query": "reward", "replica": 13, "scores": {"H2_ONLY": 7292, "MC": 7292, "MC_EXTRA": 7292, "V91_DECOMPOSED": 5300, "V92_CORRECTED": 7292, "MC_TAIL": 5300, "FQE": 6740}}
{"phase": "paired_games", "lifecycle": 5, "checkpoint": 6, "query": "reward", "replica": 12, "scores": {"H2_ONLY": 12308, "MC": 12308, "MC_EXTRA": 12456, "V91_DECOMPOSED": 12308, "V92_CORRECTED": 12308, "MC_TAIL": 6880, "FQE": 12456}}
{"phase": "paired_games", "lifecycle": 3, "checkpoint": 6, "query": "risk_goal", "replica": 13, "scores": {"H2_ONLY": 6968, "MC": 7072, "MC_EXTRA": 7072, "V91_DECOMPOSED": 7072, "V92_CORRECTED": 7072, "MC_TAIL": 7144, "FQE": 7072}}
{"phase": "paired_games", "lifecycle": 8, "checkpoint": 6, "query": "risk_goal", "replica": 13, "scores": {"H2_ONLY": 7296, "MC": 7296, "MC_EXTRA": 7296, "V91_DECOMPOSED": 6232, "V92_CORRECTED": 7296, "MC_TAIL": 6232, "FQE": 7296}}
{"phase": "paired_games", "lifecycle": 6, "checkpoint": 6, "query": "risk_goal", "replica": 11, "scores": {"H2_ONLY": 7344, "MC": 14888, "MC_EXTRA": 7344, "V91_DECOMPOSED": 12356, "V92_CORRECTED": 14888, "MC_TAIL": 12356, "FQE": 7344}}
{"phase": "paired_games", "lifecycle": 7, "checkpoint": 6, "query": "risk_goal", "replica": 13, "scores": {"H2_ONLY": 12340, "MC": 13996, "MC_EXTRA": 13996, "V91_DECOMPOSED": 13996, "V92_CORRECTED": 13996, "MC_TAIL": 13996, "FQE": 13996}}
{"phase": "paired_games", "lifecycle": 4, "checkpoint": 6, "query": "reward", "replica": 12, "scores": {"H2_ONLY": 7508, "MC": 7508, "MC_EXTRA": 7508, "V91_DECOMPOSED": 7856, "V92_CORRECTED": 7508, "MC_TAIL": 7028, "FQE": 12468}}
{"phase": "paired_games", "lifecycle": 8, "checkpoint": 6, "query": "reward", "replica": 14, "scores": {"H2_ONLY": 3564, "MC": 3564, "MC_EXTRA": 7064, "V91_DECOMPOSED": 7064, "V92_CORRECTED": 3564, "MC_TAIL": 7064, "FQE": 7188}}
{"phase": "paired_games", "lifecycle": 5, "checkpoint": 6, "query": "risk_goal", "replica": 12, "scores": {"H2_ONLY": 12320, "MC": 12320, "MC_EXTRA": 7188, "V91_DECOMPOSED": 6812, "V92_CORRECTED": 12320, "MC_TAIL": 12320, "FQE": 12320}}
{"phase": "paired_games", "lifecycle": 6, "checkpoint": 6, "query": "reward", "replica": 12, "scores": {"H2_ONLY": 12160, "MC": 3348, "MC_EXTRA": 3348, "V91_DECOMPOSED": 12160, "V92_CORRECTED": 3348, "MC_TAIL": 3348, "FQE": 3348}}
{"phase": "paired_games", "lifecycle": 7, "checkpoint": 6, "query": "reward", "replica": 14, "scores": {"H2_ONLY": 5464, "MC": 10396, "MC_EXTRA": 10396, "V91_DECOMPOSED": 11184, "V92_CORRECTED": 10396, "MC_TAIL": 12080, "FQE": 5464}}
{"phase": "paired_games", "lifecycle": 3, "checkpoint": 6, "query": "reward", "replica": 14, "scores": {"H2_ONLY": 16108, "MC": 16108, "MC_EXTRA": 16108, "V91_DECOMPOSED": 6124, "V92_CORRECTED": 6392, "MC_TAIL": 6124, "FQE": 3388}}
{"phase": "paired_games", "lifecycle": 8, "checkpoint": 6, "query": "risk_goal", "replica": 14, "scores": {"H2_ONLY": 3448, "MC": 3448, "MC_EXTRA": 3448, "V91_DECOMPOSED": 7064, "V92_CORRECTED": 3448, "MC_TAIL": 7064, "FQE": 3448}}
{"phase": "paired_games", "lifecycle": 4, "checkpoint": 6, "query": "risk_goal", "replica": 12, "scores": {"H2_ONLY": 13928, "MC": 12468, "MC_EXTRA": 12468, "V91_DECOMPOSED": 12468, "V92_CORRECTED": 12468, "MC_TAIL": 7028, "FQE": 12468}}
{"phase": "paired_games", "lifecycle": 3, "checkpoint": 6, "query": "risk_goal", "replica": 14, "scores": {"H2_ONLY": 7100, "MC": 6672, "MC_EXTRA": 6672, "V91_DECOMPOSED": 3388, "V92_CORRECTED": 6672, "MC_TAIL": 6672, "FQE": 3388}}
{"phase": "paired_games", "lifecycle": 6, "checkpoint": 6, "query": "risk_goal", "replica": 12, "scores": {"H2_ONLY": 14640, "MC": 12184, "MC_EXTRA": 12184, "V91_DECOMPOSED": 12140, "V92_CORRECTED": 12184, "MC_TAIL": 12140, "FQE": 14640}}
{"phase": "paired_games", "lifecycle": 7, "checkpoint": 6, "query": "risk_goal", "replica": 14, "scores": {"H2_ONLY": 5464, "MC": 12112, "MC_EXTRA": 14516, "V91_DECOMPOSED": 12080, "V92_CORRECTED": 12112, "MC_TAIL": 14516, "FQE": 14516}}
{"phase": "paired_games", "lifecycle": 4, "checkpoint": 6, "query": "reward", "replica": 13, "scores": {"H2_ONLY": 5504, "MC": 6372, "MC_EXTRA": 6372, "V91_DECOMPOSED": 6372, "V92_CORRECTED": 6372, "MC_TAIL": 13624, "FQE": 5504}}
{"phase": "paired_games", "lifecycle": 8, "checkpoint": 6, "query": "reward", "replica": 15, "scores": {"H2_ONLY": 7144, "MC": 7144, "MC_EXTRA": 12088, "V91_DECOMPOSED": 7144, "V92_CORRECTED": 7144, "MC_TAIL": 7144, "FQE": 6528}}
{"phase": "paired_games", "lifecycle": 5, "checkpoint": 6, "query": "reward", "replica": 13, "scores": {"H2_ONLY": 12172, "MC": 12172, "MC_EXTRA": 16484, "V91_DECOMPOSED": 12172, "V92_CORRECTED": 12172, "MC_TAIL": 16484, "FQE": 16484}}
{"phase": "paired_games", "lifecycle": 3, "checkpoint": 6, "query": "reward", "replica": 15, "scores": {"H2_ONLY": 12880, "MC": 12880, "MC_EXTRA": 12880, "V91_DECOMPOSED": 3584, "V92_CORRECTED": 7376, "MC_TAIL": 12880, "FQE": 3584}}
{"phase": "paired_games", "lifecycle": 6, "checkpoint": 6, "query": "reward", "replica": 13, "scores": {"H2_ONLY": 12484, "MC": 7068, "MC_EXTRA": 7068, "V91_DECOMPOSED": 10908, "V92_CORRECTED": 7068, "MC_TAIL": 7068, "FQE": 6528}}
{"phase": "paired_games", "lifecycle": 4, "checkpoint": 6, "query": "risk_goal", "replica": 13, "scores": {"H2_ONLY": 5516, "MC": 5516, "MC_EXTRA": 5516, "V91_DECOMPOSED": 5516, "V92_CORRECTED": 12528, "MC_TAIL": 12528, "FQE": 5516}}
{"phase": "paired_games", "lifecycle": 7, "checkpoint": 6, "query": "reward", "replica": 15, "scores": {"H2_ONLY": 7132, "MC": 5496, "MC_EXTRA": 5496, "V91_DECOMPOSED": 7132, "V92_CORRECTED": 5496, "MC_TAIL": 16160, "FQE": 7132}}
{"phase": "paired_games", "lifecycle": 8, "checkpoint": 6, "query": "risk_goal", "replica": 15, "scores": {"H2_ONLY": 7176, "MC": 7176, "MC_EXTRA": 7176, "V91_DECOMPOSED": 20464, "V92_CORRECTED": 7176, "MC_TAIL": 20464, "FQE": 6500}}
{"phase": "paired_games", "lifecycle": 3, "checkpoint": 6, "query": "risk_goal", "replica": 15, "scores": {"H2_ONLY": 12880, "MC": 12148, "MC_EXTRA": 12148, "V91_DECOMPOSED": 12148, "V92_CORRECTED": 12148, "MC_TAIL": 7376, "FQE": 12148}}
{"phase": "fit_started", "lifecycle": 8, "checkpoint": 12, "roots": 24, "rows": 31854}
{"phase": "paired_games", "lifecycle": 5, "checkpoint": 6, "query": "risk_goal", "replica": 13, "scores": {"H2_ONLY": 16120, "MC": 16120, "MC_EXTRA": 16120, "V91_DECOMPOSED": 14616, "V92_CORRECTED": 16120, "MC_TAIL": 16120, "FQE": 16120}}
{"phase": "paired_games", "lifecycle": 6, "checkpoint": 6, "query": "risk_goal", "replica": 13, "scores": {"H2_ONLY": 12252, "MC": 6548, "MC_EXTRA": 12252, "V91_DECOMPOSED": 14492, "V92_CORRECTED": 6548, "MC_TAIL": 6892, "FQE": 11188}}
{"phase": "paired_games", "lifecycle": 7, "checkpoint": 6, "query": "risk_goal", "replica": 15, "scores": {"H2_ONLY": 7072, "MC": 7072, "MC_EXTRA": 7072, "V91_DECOMPOSED": 16160, "V92_CORRECTED": 7072, "MC_TAIL": 7072, "FQE": 7072}}
{"phase": "paired_games", "lifecycle": 4, "checkpoint": 6, "query": "reward", "replica": 14, "scores": {"H2_ONLY": 15656, "MC": 15656, "MC_EXTRA": 15656, "V91_DECOMPOSED": 16184, "V92_CORRECTED": 15656, "MC_TAIL": 10364, "FQE": 6632}}
{"phase": "fit_started", "lifecycle": 3, "checkpoint": 12, "roots": 24, "rows": 31101}
{"phase": "fit_started", "lifecycle": 7, "checkpoint": 12, "roots": 24, "rows": 31812}
{"phase": "paired_games", "lifecycle": 5, "checkpoint": 6, "query": "reward", "replica": 14, "scores": {"H2_ONLY": 5628, "MC": 7348, "MC_EXTRA": 12240, "V91_DECOMPOSED": 5628, "V92_CORRECTED": 7348, "MC_TAIL": 14756, "FQE": 12240}}
{"phase": "paired_games", "lifecycle": 6, "checkpoint": 6, "query": "reward", "replica": 14, "scores": {"H2_ONLY": 7032, "MC": 12088, "MC_EXTRA": 12088, "V91_DECOMPOSED": 11780, "V92_CORRECTED": 12088, "MC_TAIL": 12088, "FQE": 7080}}
{"phase": "paired_games", "lifecycle": 4, "checkpoint": 6, "query": "risk_goal", "replica": 14, "scores": {"H2_ONLY": 12000, "MC": 7600, "MC_EXTRA": 6628, "V91_DECOMPOSED": 6628, "V92_CORRECTED": 7600, "MC_TAIL": 12372, "FQE": 6628}}
{"phase": "paired_games", "lifecycle": 5, "checkpoint": 6, "query": "risk_goal", "replica": 14, "scores": {"H2_ONLY": 5628, "MC": 5628, "MC_EXTRA": 5628, "V91_DECOMPOSED": 14836, "V92_CORRECTED": 5628, "MC_TAIL": 14836, "FQE": 14836}}
{"phase": "paired_games", "lifecycle": 6, "checkpoint": 6, "query": "risk_goal", "replica": 14, "scores": {"H2_ONLY": 15952, "MC": 12088, "MC_EXTRA": 15952, "V91_DECOMPOSED": 11780, "V92_CORRECTED": 12088, "MC_TAIL": 11780, "FQE": 12088}}
{"phase": "paired_games", "lifecycle": 4, "checkpoint": 6, "query": "reward", "replica": 15, "scores": {"H2_ONLY": 16152, "MC": 7364, "MC_EXTRA": 7364, "V91_DECOMPOSED": 13596, "V92_CORRECTED": 7364, "MC_TAIL": 16152, "FQE": 7364}}
{"phase": "paired_games", "lifecycle": 5, "checkpoint": 6, "query": "reward", "replica": 15, "scores": {"H2_ONLY": 12872, "MC": 12052, "MC_EXTRA": 7320, "V91_DECOMPOSED": 12872, "V92_CORRECTED": 12052, "MC_TAIL": 7320, "FQE": 6480}}
{"phase": "paired_games", "lifecycle": 6, "checkpoint": 6, "query": "reward", "replica": 15, "scores": {"H2_ONLY": 6604, "MC": 3084, "MC_EXTRA": 13600, "V91_DECOMPOSED": 14348, "V92_CORRECTED": 3084, "MC_TAIL": 14348, "FQE": 13600}}
{"phase": "paired_games", "lifecycle": 4, "checkpoint": 6, "query": "risk_goal", "replica": 15, "scores": {"H2_ONLY": 12396, "MC": 12396, "MC_EXTRA": 12396, "V91_DECOMPOSED": 7488, "V92_CORRECTED": 15876, "MC_TAIL": 12396, "FQE": 7488}}
{"phase": "fit_started", "lifecycle": 4, "checkpoint": 12, "roots": 24, "rows": 31535}
{"phase": "paired_games", "lifecycle": 6, "checkpoint": 6, "query": "risk_goal", "replica": 15, "scores": {"H2_ONLY": 6604, "MC": 6444, "MC_EXTRA": 3300, "V91_DECOMPOSED": 14468, "V92_CORRECTED": 6444, "MC_TAIL": 3300, "FQE": 7088}}
{"phase": "paired_games", "lifecycle": 5, "checkpoint": 6, "query": "risk_goal", "replica": 15, "scores": {"H2_ONLY": 15460, "MC": 15460, "MC_EXTRA": 12336, "V91_DECOMPOSED": 6948, "V92_CORRECTED": 15460, "MC_TAIL": 15460, "FQE": 15460}}
{"phase": "fit_started", "lifecycle": 6, "checkpoint": 12, "roots": 24, "rows": 31239}
{"phase": "fit_started", "lifecycle": 5, "checkpoint": 12, "roots": 24, "rows": 30688}
{"phase": "fit_complete", "lifecycle": 8, "checkpoint": 12, "fits": 778}
{"phase": "fit_complete", "lifecycle": 3, "checkpoint": 12, "fits": 778}
{"phase": "fit_complete", "lifecycle": 7, "checkpoint": 12, "fits": 778}
{"phase": "paired_games", "lifecycle": 3, "checkpoint": 12, "query": "reward", "replica": 0, "scores": {"H2_ONLY": 7504, "MC": 7504, "MC_EXTRA": 7504, "V91_DECOMPOSED": 4572, "V92_CORRECTED": 7504, "MC_TAIL": 4572, "FQE": 4572, "MC_TAIL_FROZEN_6": 5420, "FQE_FROZEN_6": 4572}}
{"phase": "paired_games", "lifecycle": 8, "checkpoint": 12, "query": "reward", "replica": 0, "scores": {"H2_ONLY": 11500, "MC": 11500, "MC_EXTRA": 11500, "V91_DECOMPOSED": 11500, "V92_CORRECTED": 11500, "MC_TAIL": 15024, "FQE": 11388, "MC_TAIL_FROZEN_6": 15024, "FQE_FROZEN_6": 7424}}
{"phase": "paired_games", "lifecycle": 7, "checkpoint": 12, "query": "reward", "replica": 0, "scores": {"H2_ONLY": 12176, "MC": 12176, "MC_EXTRA": 7080, "V91_DECOMPOSED": 4112, "V92_CORRECTED": 12176, "MC_TAIL": 12176, "FQE": 12176, "MC_TAIL_FROZEN_6": 4112, "FQE_FROZEN_6": 12176}}
{"phase": "paired_games", "lifecycle": 3, "checkpoint": 12, "query": "risk_goal", "replica": 0, "scores": {"H2_ONLY": 6500, "MC": 6500, "MC_EXTRA": 6500, "V91_DECOMPOSED": 6724, "V92_CORRECTED": 7676, "MC_TAIL": 4572, "FQE": 6724, "MC_TAIL_FROZEN_6": 6724, "FQE_FROZEN_6": 4572}}
{"phase": "paired_games", "lifecycle": 8, "checkpoint": 12, "query": "risk_goal", "replica": 0, "scores": {"H2_ONLY": 11500, "MC": 11500, "MC_EXTRA": 11500, "V91_DECOMPOSED": 7424, "V92_CORRECTED": 11500, "MC_TAIL": 7424, "FQE": 7424, "MC_TAIL_FROZEN_6": 6964, "FQE_FROZEN_6": 11500}}
{"phase": "paired_games", "lifecycle": 3, "checkpoint": 12, "query": "reward", "replica": 1, "scores": {"H2_ONLY": 6368, "MC": 7056, "MC_EXTRA": 7056, "V91_DECOMPOSED": 14352, "V92_CORRECTED": 7056, "MC_TAIL": 7056, "FQE": 6368, "MC_TAIL_FROZEN_6": 6368, "FQE_FROZEN_6": 6368}}
{"phase": "paired_games", "lifecycle": 7, "checkpoint": 12, "query": "risk_goal", "replica": 0, "scores": {"H2_ONLY": 16216, "MC": 7356, "MC_EXTRA": 16216, "V91_DECOMPOSED": 7356, "V92_CORRECTED": 7356, "MC_TAIL": 7356, "FQE": 7356, "MC_TAIL_FROZEN_6": 16216, "FQE_FROZEN_6": 16216}}
{"phase": "paired_games", "lifecycle": 8, "checkpoint": 12, "query": "reward", "replica": 1, "scores": {"H2_ONLY": 12136, "MC": 5576, "MC_EXTRA": 5576, "V91_DECOMPOSED": 12136, "V92_CORRECTED": 5576, "MC_TAIL": 5560, "FQE": 12136, "MC_TAIL_FROZEN_6": 12136, "FQE_FROZEN_6": 11524}}
{"phase": "fit_complete", "lifecycle": 4, "checkpoint": 12, "fits": 778}
{"phase": "fit_complete", "lifecycle": 5, "checkpoint": 12, "fits": 778}
{"phase": "paired_games", "lifecycle": 7, "checkpoint": 12, "query": "reward", "replica": 1, "scores": {"H2_ONLY": 3196, "MC": 3196, "MC_EXTRA": 14564, "V91_DECOMPOSED": 3196, "V92_CORRECTED": 3196, "MC_TAIL": 3196, "FQE": 14564, "MC_TAIL_FROZEN_6": 14564, "FQE_FROZEN_6": 3196}}
{"phase": "paired_games", "lifecycle": 4, "checkpoint": 12, "query": "reward", "replica": 0, "scores": {"H2_ONLY": 3212, "MC": 3212, "MC_EXTRA": 3212, "V91_DECOMPOSED": 3212, "V92_CORRECTED": 3212, "MC_TAIL": 3204, "FQE": 3212, "MC_TAIL_FROZEN_6": 3416, "FQE_FROZEN_6": 5756}}
{"phase": "paired_games", "lifecycle": 3, "checkpoint": 12, "query": "risk_goal", "replica": 1, "scores": {"H2_ONLY": 10976, "MC": 10976, "MC_EXTRA": 10976, "V91_DECOMPOSED": 7220, "V92_CORRECTED": 10976, "MC_TAIL": 15676, "FQE": 10976, "MC_TAIL_FROZEN_6": 10976, "FQE_FROZEN_6": 16320}}
{"phase": "fit_complete", "lifecycle": 6, "checkpoint": 12, "fits": 778}
{"phase": "paired_games", "lifecycle": 8, "checkpoint": 12, "query": "risk_goal", "replica": 1, "scores": {"H2_ONLY": 6836, "MC": 5560, "MC_EXTRA": 6836, "V91_DECOMPOSED": 14492, "V92_CORRECTED": 5560, "MC_TAIL": 14492, "FQE": 14492, "MC_TAIL_FROZEN_6": 5560, "FQE_FROZEN_6": 6836}}
{"phase": "paired_games", "lifecycle": 4, "checkpoint": 12, "query": "risk_goal", "replica": 0, "scores": {"H2_ONLY": 3212, "MC": 3204, "MC_EXTRA": 3204, "V91_DECOMPOSED": 3416, "V92_CORRECTED": 3212, "MC_TAIL": 3212, "FQE": 3212, "MC_TAIL_FROZEN_6": 3416, "FQE_FROZEN_6": 5756}}
{"phase": "paired_games", "lifecycle": 7, "checkpoint": 12, "query": "risk_goal", "replica": 1, "scores": {"H2_ONLY": 3196, "MC": 3196, "MC_EXTRA": 3196, "V91_DECOMPOSED": 3196, "V92_CORRECTED": 3196, "MC_TAIL": 3196, "FQE": 20160, "MC_TAIL_FROZEN_6": 20160, "FQE_FROZEN_6": 20160}}
{"phase": "paired_games", "lifecycle": 5, "checkpoint": 12, "query": "reward", "replica": 0, "scores": {"H2_ONLY": 12528, "MC": 7132, "MC_EXTRA": 7132, "V91_DECOMPOSED": 12528, "V92_CORRECTED": 7216, "MC_TAIL": 12528, "FQE": 7216, "MC_TAIL_FROZEN_6": 7132, "FQE_FROZEN_6": 7132}}
{"phase": "paired_games", "lifecycle": 6, "checkpoint": 12, "query": "reward", "replica": 0, "scores": {"H2_ONLY": 14112, "MC": 3272, "MC_EXTRA": 3272, "V91_DECOMPOSED": 14112, "V92_CORRECTED": 3272, "MC_TAIL": 11696, "FQE": 3272, "MC_TAIL_FROZEN_6": 11696, "FQE_FROZEN_6": 3272}}
{"phase": "paired_games", "lifecycle": 8, "checkpoint": 12, "query": "reward", "replica": 2, "scores": {"H2_ONLY": 7804, "MC": 3820, "MC_EXTRA": 6732, "V91_DECOMPOSED": 7804, "V92_CORRECTED": 6732, "MC_TAIL": 6732, "FQE": 7804, "MC_TAIL_FROZEN_6": 7804, "FQE_FROZEN_6": 7804}}
{"phase": "paired_games", "lifecycle": 4, "checkpoint": 12, "query": "reward", "replica": 1, "scores": {"H2_ONLY": 7128, "MC": 7200, "MC_EXTRA": 6184, "V91_DECOMPOSED": 6424, "V92_CORRECTED": 6184, "MC_TAIL": 6424, "FQE": 6184, "MC_TAIL_FROZEN_6": 7128, "FQE_FROZEN_6": 6184}}
{"phase": "paired_games", "lifecycle": 3, "checkpoint": 12, "query": "reward", "replica": 2, "scores": {"H2_ONLY": 8080, "MC": 14304, "MC_EXTRA": 14304, "V91_DECOMPOSED": 8080, "V92_CORRECTED": 14304, "MC_TAIL": 14304, "FQE": 8080, "MC_TAIL_FROZEN_6": 16012, "FQE_FROZEN_6": 8080}}
{"phase": "paired_games", "lifecycle": 7, "checkpoint": 12, "query": "reward", "replica": 2, "scores": {"H2_ONLY": 7184, "MC": 15148, "MC_EXTRA": 15148, "V91_DECOMPOSED": 7184, "V92_CORRECTED": 15148, "MC_TAIL": 7184, "FQE": 7184, "MC_TAIL_FROZEN_6": 15148, "FQE_FROZEN_6": 7184}}
{"phase": "paired_games", "lifecycle": 8, "checkpoint": 12, "query": "risk_goal", "replica": 2, "scores": {"H2_ONLY": 7804, "MC": 7804, "MC_EXTRA": 6732, "V91_DECOMPOSED": 7576, "V92_CORRECTED": 7804, "MC_TAIL": 6732, "FQE": 7576, "MC_TAIL_FROZEN_6": 6732, "FQE_FROZEN_6": 7576}}
{"phase": "paired_games", "lifecycle": 5, "checkpoint": 12, "query": "risk_goal", "replica": 0, "scores": {"H2_ONLY": 12584, "MC": 12584, "MC_EXTRA": 7220, "V91_DECOMPOSED": 7220, "V92_CORRECTED": 7220, "MC_TAIL": 16260, "FQE": 16260, "MC_TAIL_FROZEN_6": 16260, "FQE_FROZEN_6": 16260}}
{"phase": "paired_games", "lifecycle": 6, "checkpoint": 12, "query": "risk_goal", "replica": 0, "scores": {"H2_ONLY": 12400, "MC": 12400, "MC_EXTRA": 12400, "V91_DECOMPOSED": 12400, "V92_CORRECTED": 12400, "MC_TAIL": 8792, "FQE": 12400, "MC_TAIL_FROZEN_6": 12400, "FQE_FROZEN_6": 12400}}
{"phase": "paired_games", "lifecycle": 4, "checkpoint": 12, "query": "risk_goal", "replica": 1, "scores": {"H2_ONLY": 15304, "MC": 7208, "MC_EXTRA": 7208, "V91_DECOMPOSED": 7060, "V92_CORRECTED": 6192, "MC_TAIL": 15304, "FQE": 15304, "MC_TAIL_FROZEN_6": 15304, "FQE_FROZEN_6": 6192}}
{"phase": "paired_games", "lifecycle": 3, "checkpoint": 12, "query": "risk_goal", "replica": 2, "scores": {"H2_ONLY": 8200, "MC": 8200, "MC_EXTRA": 8200, "V91_DECOMPOSED": 14304, "V92_CORRECTED": 16176, "MC_TAIL": 16176, "FQE": 14304, "MC_TAIL_FROZEN_6": 8200, "FQE_FROZEN_6": 7160}}
{"phase": "paired_games", "lifecycle": 6, "checkpoint": 12, "query": "reward", "replica": 1, "scores": {"H2_ONLY": 3128, "MC": 7016, "MC_EXTRA": 6556, "V91_DECOMPOSED": 3128, "V92_CORRECTED": 7016, "MC_TAIL": 7016, "FQE": 6556, "MC_TAIL_FROZEN_6": 3128, "FQE_FROZEN_6": 7016}}
{"phase": "paired_games", "lifecycle": 7, "checkpoint": 12, "query": "risk_goal", "replica": 2, "scores": {"H2_ONLY": 7184, "MC": 7184, "MC_EXTRA": 7184, "V91_DECOMPOSED": 6736, "V92_CORRECTED": 7184, "MC_TAIL": 6736, "FQE": 12332, "MC_TAIL_FROZEN_6": 10740, "FQE_FROZEN_6": 12332}}
{"phase": "paired_games", "lifecycle": 8, "checkpoint": 12, "query": "reward", "replica": 3, "scores": {"H2_ONLY": 16916, "MC": 16916, "MC_EXTRA": 7160, "V91_DECOMPOSED": 3508, "V92_CORRECTED": 7160, "MC_TAIL": 7160, "FQE": 16916, "MC_TAIL_FROZEN_6": 16916, "FQE_FROZEN_6": 6924}}
{"phase": "paired_games", "lifecycle": 5, "checkpoint": 12, "query": "reward", "replica": 1, "scores": {"H2_ONLY": 15044, "MC": 7096, "MC_EXTRA": 7096, "V91_DECOMPOSED": 15044, "V92_CORRECTED": 7096, "MC_TAIL": 14456, "FQE": 7096, "MC_TAIL_FROZEN_6": 7096, "FQE_FROZEN_6": 7124}}
{"phase": "paired_games", "lifecycle": 4, "checkpoint": 12, "query": "reward", "replica": 2, "scores": {"H2_ONLY": 14548, "MC": 6484, "MC_EXTRA": 6484, "V91_DECOMPOSED": 6484, "V92_CORRECTED": 6484, "MC_TAIL": 6484, "FQE": 5568, "MC_TAIL_FROZEN_6": 14548, "FQE_FROZEN_6": 6484}}
{"phase": "paired_games", "lifecycle": 6, "checkpoint": 12, "query": "risk_goal", "replica": 1, "scores": {"H2_ONLY": 3128, "MC": 3128, "MC_EXTRA": 3128, "V91_DECOMPOSED": 5776, "V92_CORRECTED": 3128, "MC_TAIL": 3128, "FQE": 3128, "MC_TAIL_FROZEN_6": 6556, "FQE_FROZEN_6": 5776}}
{"phase": "paired_games", "lifecycle": 7, "checkpoint": 12, "query": "reward", "replica": 3, "scores": {"H2_ONLY": 2472, "MC": 2472, "MC_EXTRA": 11964, "V91_DECOMPOSED": 11964, "V92_CORRECTED": 7096, "MC_TAIL": 2472, "FQE": 2472, "MC_TAIL_FROZEN_6": 11964, "FQE_FROZEN_6": 2472}}
{"phase": "paired_games", "lifecycle": 3, "checkpoint": 12, "query": "reward", "replica": 3, "scores": {"H2_ONLY": 15088, "MC": 15088, "MC_EXTRA": 15088, "V91_DECOMPOSED": 15088, "V92_CORRECTED": 3180, "MC_TAIL": 3180, "FQE": 15088, "MC_TAIL_FROZEN_6": 15088, "FQE_FROZEN_6": 7136}}
{"phase": "paired_games", "lifecycle": 8, "checkpoint": 12, "query": "risk_goal", "replica": 3, "scores": {"H2_ONLY": 16916, "MC": 12744, "MC_EXTRA": 16916, "V91_DECOMPOSED": 6924, "V92_CORRECTED": 12744, "MC_TAIL": 16916, "FQE": 6924, "MC_TAIL_FROZEN_6": 6924, "FQE_FROZEN_6": 6924}}
{"phase": "paired_games", "lifecycle": 6, "checkpoint": 12, "query": "reward", "replica": 2, "scores": {"H2_ONLY": 7140, "MC": 7140, "MC_EXTRA": 7140, "V91_DECOMPOSED": 7412, "V92_CORRECTED": 7140, "MC_TAIL": 7412, "FQE": 6496, "MC_TAIL_FROZEN_6": 7140, "FQE_FROZEN_6": 7140}}
{"phase": "paired_games", "lifecycle": 7, "checkpoint": 12, "query": "risk_goal", "replica": 3, "scores": {"H2_ONLY": 7688, "MC": 7688, "MC_EXTRA": 7688, "V91_DECOMPOSED": 7688, "V92_CORRECTED": 7688, "MC_TAIL": 7688, "FQE": 7688, "MC_TAIL_FROZEN_6": 7424, "FQE_FROZEN_6": 7424}}
{"phase": "paired_games", "lifecycle": 5, "checkpoint": 12, "query": "risk_goal", "replica": 1, "scores": {"H2_ONLY": 15440, "MC": 14456, "MC_EXTRA": 14600, "V91_DECOMPOSED": 7096, "V92_CORRECTED": 7096, "MC_TAIL": 14600, "FQE": 14600, "MC_TAIL_FROZEN_6": 15440, "FQE_FROZEN_6": 15440}}
{"phase": "paired_games", "lifecycle": 4, "checkpoint": 12, "query": "risk_goal", "replica": 2, "scores": {"H2_ONLY": 14548, "MC": 14548, "MC_EXTRA": 14548, "V91_DECOMPOSED": 14548, "V92_CORRECTED": 14548, "MC_TAIL": 14548, "FQE": 15404, "MC_TAIL_FROZEN_6": 14548, "FQE_FROZEN_6": 6484}}
{"phase": "paired_games", "lifecycle": 3, "checkpoint": 12, "query": "risk_goal", "replica": 3, "scores": {"H2_ONLY": 15916, "MC": 15916, "MC_EXTRA": 15916, "V91_DECOMPOSED": 7136, "V92_CORRECTED": 7216, "MC_TAIL": 15916, "FQE": 7136, "MC_TAIL_FROZEN_6": 3180, "FQE_FROZEN_6": 3180}}
{"phase": "paired_games", "lifecycle": 6, "checkpoint": 12, "query": "risk_goal", "replica": 2, "scores": {"H2_ONLY": 3116, "MC": 3116, "MC_EXTRA": 3116, "V91_DECOMPOSED": 3116, "V92_CORRECTED": 3116, "MC_TAIL": 3116, "FQE": 6496, "MC_TAIL_FROZEN_6": 6496, "FQE_FROZEN_6": 7520}}
{"phase": "paired_games", "lifecycle": 8, "checkpoint": 12, "query": "reward", "replica": 4, "scores": {"H2_ONLY": 7472, "MC": 3300, "MC_EXTRA": 3300, "V91_DECOMPOSED": 7160, "V92_CORRECTED": 3300, "MC_TAIL": 11356, "FQE": 7472, "MC_TAIL_FROZEN_6": 7472, "FQE_FROZEN_6": 7256}}
{"phase": "paired_games", "lifecycle": 4, "checkpoint": 12, "query": "reward", "replica": 3, "scores": {"H2_ONLY": 7196, "MC": 7196, "MC_EXTRA": 7196, "V91_DECOMPOSED": 7224, "V92_CORRECTED": 7196, "MC_TAIL": 7196, "FQE": 7196, "MC_TAIL_FROZEN_6": 7196, "FQE_FROZEN_6": 6760}}
{"phase": "paired_games", "lifecycle": 7, "checkpoint": 12, "query": "reward", "replica": 4, "scores": {"H2_ONLY": 12316, "MC": 12316, "MC_EXTRA": 7244, "V91_DECOMPOSED": 12316, "V92_CORRECTED": 3172, "MC_TAIL": 12316, "FQE": 12316, "MC_TAIL_FROZEN_6": 7244, "FQE_FROZEN_6": 12316}}
{"phase": "paired_games", "lifecycle": 5, "checkpoint": 12, "query": "reward", "replica": 2, "scores": {"H2_ONLY": 10776, "MC": 7160, "MC_EXTRA": 7160, "V91_DECOMPOSED": 10776, "V92_CORRECTED": 7160, "MC_TAIL": 10776, "FQE": 7132, "MC_TAIL_FROZEN_6": 12488, "FQE_FROZEN_6": 12488}}
{"phase": "paired_games", "lifecycle": 6, "checkpoint": 12, "query": "reward", "replica": 3, "scores": {"H2_ONLY": 12236, "MC": 7276, "MC_EXTRA": 7276, "V91_DECOMPOSED": 6592, "V92_CORRECTED": 7276, "MC_TAIL": 6480, "FQE": 7276, "MC_TAIL_FROZEN_6": 7276, "FQE_FROZEN_6": 10588}}
{"phase": "paired_games", "lifecycle": 3, "checkpoint": 12, "query": "reward", "replica": 4, "scores": {"H2_ONLY": 12364, "MC": 12160, "MC_EXTRA": 12160, "V91_DECOMPOSED": 12364, "V92_CORRECTED": 12160, "MC_TAIL": 12364, "FQE": 12364, "MC_TAIL_FROZEN_6": 7504, "FQE_FROZEN_6": 12160}}
{"phase": "paired_games", "lifecycle": 8, "checkpoint": 12, "query": "risk_goal", "replica": 4, "scores": {"H2_ONLY": 7488, "MC": 15584, "MC_EXTRA": 7488, "V91_DECOMPOSED": 7256, "V92_CORRECTED": 15584, "MC_TAIL": 7256, "FQE": 7256, "MC_TAIL_FROZEN_6": 15584, "FQE_FROZEN_6": 7488}}
{"phase": "paired_games", "lifecycle": 4, "checkpoint": 12, "query": "risk_goal", "replica": 3, "scores": {"H2_ONLY": 10412, "MC": 10412, "MC_EXTRA": 10412, "V91_DECOMPOSED": 10412, "V92_CORRECTED": 6816, "MC_TAIL": 7244, "FQE": 7244, "MC_TAIL_FROZEN_6": 10412, "FQE_FROZEN_6": 6816}}
{"phase": "paired_games", "lifecycle": 7, "checkpoint": 12, "query": "risk_goal", "replica": 4, "scores": {"H2_ONLY": 12380, "MC": 13796, "MC_EXTRA": 13796, "V91_DECOMPOSED": 13796, "V92_CORRECTED": 13796, "MC_TAIL": 13796, "FQE": 5480, "MC_TAIL_FROZEN_6": 3428, "FQE_FROZEN_6": 5480}}
{"phase": "paired_games", "lifecycle": 6, "checkpoint": 12, "query": "risk_goal", "replica": 3, "scores": {"H2_ONLY": 12240, "MC": 6724, "MC_EXTRA": 6724, "V91_DECOMPOSED": 10592, "V92_CORRECTED": 6724, "MC_TAIL": 8952, "FQE": 12240, "MC_TAIL_FROZEN_6": 6724, "FQE_FROZEN_6": 6592}}
{"phase": "paired_games", "lifecycle": 8, "checkpoint": 12, "query": "reward", "replica": 5, "scores": {"H2_ONLY": 7480, "MC": 12408, "MC_EXTRA": 6940, "V91_DECOMPOSED": 7480, "V92_CORRECTED": 3176, "MC_TAIL": 3176, "FQE": 7480, "MC_TAIL_FROZEN_6": 7480, "FQE_FROZEN_6": 7480}}
{"phase": "paired_games", "lifecycle": 5, "checkpoint": 12, "query": "risk_goal", "replica": 2, "scores": {"H2_ONLY": 12828, "MC": 14216, "MC_EXTRA": 7160, "V91_DECOMPOSED": 14216, "V92_CORRECTED": 7160, "MC_TAIL": 12972, "FQE": 12972, "MC_TAIL_FROZEN_6": 12972, "FQE_FROZEN_6": 12972}}
{"phase": "paired_games", "lifecycle": 3, "checkpoint": 12, "query": "risk_goal", "replica": 4, "scores": {"H2_ONLY": 12408, "MC": 12312, "MC_EXTRA": 12312, "V91_DECOMPOSED": 12408, "V92_CORRECTED": 12312, "MC_TAIL": 12408, "FQE": 12408, "MC_TAIL_FROZEN_6": 12408, "FQE_FROZEN_6": 12312}}
{"phase": "paired_games", "lifecycle": 6, "checkpoint": 12, "query": "reward", "replica": 4, "scores": {"H2_ONLY": 5560, "MC": 5476, "MC_EXTRA": 5476, "V91_DECOMPOSED": 3284, "V92_CORRECTED": 5476, "MC_TAIL": 7888, "FQE": 5560, "MC_TAIL_FROZEN_6": 5476, "FQE_FROZEN_6": 7888}}
{"phase": "paired_games", "lifecycle": 4, "checkpoint": 12, "query": "reward", "replica": 4, "scores": {"H2_ONLY": 7516, "MC": 7704, "MC_EXTRA": 7704, "V91_DECOMPOSED": 7704, "V92_CORRECTED": 7704, "MC_TAIL": 7516, "FQE": 7516, "MC_TAIL_FROZEN_6": 7704, "FQE_FROZEN_6": 7704}}
{"phase": "paired_games", "lifecycle": 7, "checkpoint": 12, "query": "reward", "replica": 5, "scores": {"H2_ONLY": 7176, "MC": 7032, "MC_EXTRA": 20184, "V91_DECOMPOSED": 20184, "V92_CORRECTED": 7176, "MC_TAIL": 20184, "FQE": 7092, "MC_TAIL_FROZEN_6": 7176, "FQE_FROZEN_6": 7176}}
{"phase": "paired_games", "lifecycle": 8, "checkpoint": 12, "query": "risk_goal", "replica": 5, "scores": {"H2_ONLY": 7484, "MC": 3176, "MC_EXTRA": 7484, "V91_DECOMPOSED": 14776, "V92_CORRECTED": 3176, "MC_TAIL": 3176, "FQE": 14776, "MC_TAIL_FROZEN_6": 3176, "FQE_FROZEN_6": 7484}}
{"phase": "paired_games", "lifecycle": 5, "checkpoint": 12, "query": "reward", "replica": 3, "scores": {"H2_ONLY": 14400, "MC": 3752, "MC_EXTRA": 14400, "V91_DECOMPOSED": 14400, "V92_CORRECTED": 3752, "MC_TAIL": 3752, "FQE": 14400, "MC_TAIL_FROZEN_6": 3752, "FQE_FROZEN_6": 3752}}
{"phase": "paired_games", "lifecycle": 6, "checkpoint": 12, "query": "risk_goal", "replica": 4, "scores": {"H2_ONLY": 5560, "MC": 5560, "MC_EXTRA": 5560, "V91_DECOMPOSED": 5560, "V92_CORRECTED": 5560, "MC_TAIL": 5476, "FQE": 5560, "MC_TAIL_FROZEN_6": 5560, "FQE_FROZEN_6": 3292}}
{"phase": "paired_games", "lifecycle": 3, "checkpoint": 12, "query": "reward", "replica": 5, "scores": {"H2_ONLY": 7028, "MC": 7028, "MC_EXTRA": 7028, "V91_DECOMPOSED": 7028, "V92_CORRECTED": 7028, "MC_TAIL": 12232, "FQE": 5404, "MC_TAIL_FROZEN_6": 5404, "FQE_FROZEN_6": 12016}}
{"phase": "paired_games", "lifecycle": 4, "checkpoint": 12, "query": "risk_goal", "replica": 4, "scores": {"H2_ONLY": 7516, "MC": 7484, "MC_EXTRA": 7768, "V91_DECOMPOSED": 7284, "V92_CORRECTED": 7516, "MC_TAIL": 7768, "FQE": 7484, "MC_TAIL_FROZEN_6": 7768, "FQE_FROZEN_6": 7768}}
{"phase": "paired_games", "lifecycle": 8, "checkpoint": 12, "query": "reward", "replica": 6, "scores": {"H2_ONLY": 7068, "MC": 5236, "MC_EXTRA": 5236, "V91_DECOMPOSED": 7068, "V92_CORRECTED": 5236, "MC_TAIL": 5236, "FQE": 3300, "MC_TAIL_FROZEN_6": 7068, "FQE_FROZEN_6": 7068}}
{"phase": "paired_games", "lifecycle": 7, "checkpoint": 12, "query": "risk_goal", "replica": 5, "scores": {"H2_ONLY": 7224, "MC": 7356, "MC_EXTRA": 7224, "V91_DECOMPOSED": 7356, "V92_CORRECTED": 7356, "MC_TAIL": 7356, "FQE": 7224, "MC_TAIL_FROZEN_6": 13636, "FQE_FROZEN_6": 13636}}
{"phase": "paired_games", "lifecycle": 6, "checkpoint": 12, "query": "reward", "replica": 5, "scores": {"H2_ONLY": 7336, "MC": 7336, "MC_EXTRA": 12264, "V91_DECOMPOSED": 7336, "V92_CORRECTED": 7336, "MC_TAIL": 7336, "FQE": 7884, "MC_TAIL_FROZEN_6": 12264, "FQE_FROZEN_6": 7884}}
{"phase": "paired_games", "lifecycle": 5, "checkpoint": 12, "query": "risk_goal", "replica": 3, "scores": {"H2_ONLY": 16292, "MC": 7348, "MC_EXTRA": 7184, "V91_DECOMPOSED": 7348, "V92_CORRECTED": 7348, "MC_TAIL": 7184, "FQE": 16292, "MC_TAIL_FROZEN_6": 7184, "FQE_FROZEN_6": 7184}}
{"phase": "paired_games", "lifecycle": 3, "checkpoint": 12, "query": "risk_goal", "replica": 5, "scores": {"H2_ONLY": 7028, "MC": 7028, "MC_EXTRA": 5312, "V91_DECOMPOSED": 12024, "V92_CORRECTED": 7028, "MC_TAIL": 5312, "FQE": 12024, "MC_TAIL_FROZEN_6": 12232, "FQE_FROZEN_6": 12232}}
{"phase": "paired_games", "lifecycle": 4, "checkpoint": 12, "query": "reward", "replica": 5, "scores": {"H2_ONLY": 3944, "MC": 3944, "MC_EXTRA": 3944, "V91_DECOMPOSED": 20492, "V92_CORRECTED": 3944, "MC_TAIL": 20492, "FQE": 20492, "MC_TAIL_FROZEN_6": 16008, "FQE_FROZEN_6": 6752}}
{"phase": "paired_games", "lifecycle": 7, "checkpoint": 12, "query": "reward", "replica": 6, "scores": {"H2_ONLY": 8204, "MC": 8204, "MC_EXTRA": 4076, "V91_DECOMPOSED": 8204, "V92_CORRECTED": 8204, "MC_TAIL": 8204, "FQE": 5392, "MC_TAIL_FROZEN_6": 8204, "FQE_FROZEN_6": 8204}}
{"phase": "paired_games", "lifecycle": 8, "checkpoint": 12, "query": "risk_goal", "replica": 6, "scores": {"H2_ONLY": 7068, "MC": 7092, "MC_EXTRA": 7092, "V91_DECOMPOSED": 12460, "V92_CORRECTED": 7092, "MC_TAIL": 7092, "FQE": 12460, "MC_TAIL_FROZEN_6": 7092, "FQE_FROZEN_6": 12460}}
{"phase": "paired_games", "lifecycle": 5, "checkpoint": 12, "query": "reward", "replica": 4, "scores": {"H2_ONLY": 5352, "MC": 5352, "MC_EXTRA": 6976, "V91_DECOMPOSED": 6976, "V92_CORRECTED": 5352, "MC_TAIL": 6784, "FQE": 5352, "MC_TAIL_FROZEN_6": 5352, "FQE_FROZEN_6": 12828}}
{"phase": "paired_games", "lifecycle": 6, "checkpoint": 12, "query": "risk_goal", "replica": 5, "scores": {"H2_ONLY": 7336, "MC": 7840, "MC_EXTRA": 12280, "V91_DECOMPOSED": 7336, "V92_CORRECTED": 7840, "MC_TAIL": 12280, "FQE": 7336, "MC_TAIL_FROZEN_6": 7336, "FQE_FROZEN_6": 7336}}
{"phase": "paired_games", "lifecycle": 3, "checkpoint": 12, "query": "reward", "replica": 6, "scores": {"H2_ONLY": 15408, "MC": 15408, "MC_EXTRA": 15408, "V91_DECOMPOSED": 6912, "V92_CORRECTED": 15408, "MC_TAIL": 7312, "FQE": 7312, "MC_TAIL_FROZEN_6": 4764, "FQE_FROZEN_6": 7312}}
{"phase": "paired_games", "lifecycle": 4, "checkpoint": 12, "query": "risk_goal", "replica": 5, "scores": {"H2_ONLY": 3944, "MC": 3944, "MC_EXTRA": 3944, "V91_DECOMPOSED": 11380, "V92_CORRECTED": 3944, "MC_TAIL": 11380, "FQE": 3944, "MC_TAIL_FROZEN_6": 6736, "FQE_FROZEN_6": 15816}}
{"phase": "paired_games", "lifecycle": 7, "checkpoint": 12, "query": "risk_goal", "replica": 6, "scores": {"H2_ONLY": 7820, "MC": 7820, "MC_EXTRA": 7820, "V91_DECOMPOSED": 7820, "V92_CORRECTED": 7820, "MC_TAIL": 7820, "FQE": 7820, "MC_TAIL_FROZEN_6": 5392, "FQE_FROZEN_6": 5392}}
{"phase": "paired_games", "lifecycle": 6, "checkpoint": 12, "query": "reward", "replica": 6, "scores": {"H2_ONLY": 1464, "MC": 6916, "MC_EXTRA": 6916, "V91_DECOMPOSED": 1464, "V92_CORRECTED": 6916, "MC_TAIL": 6916, "FQE": 1464, "MC_TAIL_FROZEN_6": 6916, "FQE_FROZEN_6": 7040}}
{"phase": "paired_games", "lifecycle": 5, "checkpoint": 12, "query": "risk_goal", "replica": 4, "scores": {"H2_ONLY": 5368, "MC": 5368, "MC_EXTRA": 5368, "V91_DECOMPOSED": 14768, "V92_CORRECTED": 5368, "MC_TAIL": 12832, "FQE": 5368, "MC_TAIL_FROZEN_6": 5368, "FQE_FROZEN_6": 5368}}
{"phase": "paired_games", "lifecycle": 8, "checkpoint": 12, "query": "reward", "replica": 7, "scores": {"H2_ONLY": 15212, "MC": 15212, "MC_EXTRA": 7144, "V91_DECOMPOSED": 7024, "V92_CORRECTED": 7144, "MC_TAIL": 7144, "FQE": 15212, "MC_TAIL_FROZEN_6": 15212, "FQE_FROZEN_6": 15212}}
{"phase": "paired_games", "lifecycle": 7, "checkpoint": 12, "query": "reward", "replica": 7, "scores": {"H2_ONLY": 3044, "MC": 3044, "MC_EXTRA": 6448, "V91_DECOMPOSED": 6448, "V92_CORRECTED": 6448, "MC_TAIL": 3044, "FQE": 7024, "MC_TAIL_FROZEN_6": 6448, "FQE_FROZEN_6": 3044}}
{"phase": "paired_games", "lifecycle": 3, "checkpoint": 12, "query": "risk_goal", "replica": 6, "scores": {"H2_ONLY": 11884, "MC": 5372, "MC_EXTRA": 5372, "V91_DECOMPOSED": 5376, "V92_CORRECTED": 5372, "MC_TAIL": 5372, "FQE": 11884, "MC_TAIL_FROZEN_6": 5376, "FQE_FROZEN_6": 5372}}
{"phase": "paired_games", "lifecycle": 4, "checkpoint": 12, "query": "reward", "replica": 6, "scores": {"H2_ONLY": 7356, "MC": 7840, "MC_EXTRA": 7840, "V91_DECOMPOSED": 7840, "V92_CORRECTED": 7840, "MC_TAIL": 7356, "FQE": 7840, "MC_TAIL_FROZEN_6": 3488, "FQE_FROZEN_6": 7840}}
{"phase": "paired_games", "lifecycle": 6, "checkpoint": 12, "query": "risk_goal", "replica": 6, "scores": {"H2_ONLY": 1464, "MC": 7040, "MC_EXTRA": 7084, "V91_DECOMPOSED": 7084, "V92_CORRECTED": 7084, "MC_TAIL": 7084, "FQE": 1464, "MC_TAIL_FROZEN_6": 7084, "FQE_FROZEN_6": 7084}}
{"phase": "paired_games", "lifecycle": 6, "checkpoint": 12, "query": "reward", "replica": 7, "scores": {"H2_ONLY": 1472, "MC": 1472, "MC_EXTRA": 1472, "V91_DECOMPOSED": 7216, "V92_CORRECTED": 1472, "MC_TAIL": 1472, "FQE": 3196, "MC_TAIL_FROZEN_6": 1472, "FQE_FROZEN_6": 3196}}
{"phase": "paired_games", "lifecycle": 7, "checkpoint": 12, "query": "risk_goal", "replica": 7, "scores": {"H2_ONLY": 6600, "MC": 6600, "MC_EXTRA": 6600, "V91_DECOMPOSED": 6600, "V92_CORRECTED": 6600, "MC_TAIL": 6600, "FQE": 6600, "MC_TAIL_FROZEN_6": 7040, "FQE_FROZEN_6": 7040}}
{"phase": "paired_games", "lifecycle": 3, "checkpoint": 12, "query": "reward", "replica": 7, "scores": {"H2_ONLY": 7136, "MC": 6692, "MC_EXTRA": 6692, "V91_DECOMPOSED": 6812, "V92_CORRECTED": 6692, "MC_TAIL": 6812, "FQE": 6812, "MC_TAIL_FROZEN_6": 6812, "FQE_FROZEN_6": 7184}}
{"phase": "paired_games", "lifecycle": 5, "checkpoint": 12, "query": "reward", "replica": 5, "scores": {"H2_ONLY": 12588, "MC": 12504, "MC_EXTRA": 6212, "V91_DECOMPOSED": 6212, "V92_CORRECTED": 12504, "MC_TAIL": 12588, "FQE": 12224, "MC_TAIL_FROZEN_6": 12504, "FQE_FROZEN_6": 6212}}
{"phase": "paired_games", "lifecycle": 4, "checkpoint": 12, "query": "risk_goal", "replica": 6, "scores": {"H2_ONLY": 7356, "MC": 7356, "MC_EXTRA": 7356, "V91_DECOMPOSED": 6364, "V92_CORRECTED": 7356, "MC_TAIL": 13280, "FQE": 7356, "MC_TAIL_FROZEN_6": 2516, "FQE_FROZEN_6": 13280}}
{"phase": "paired_games", "lifecycle": 6, "checkpoint": 12, "query": "risk_goal", "replica": 7, "scores": {"H2_ONLY": 1472, "MC": 3196, "MC_EXTRA": 1472, "V91_DECOMPOSED": 1472, "V92_CORRECTED": 3196, "MC_TAIL": 1472, "FQE": 7220, "MC_TAIL_FROZEN_6": 7220, "FQE_FROZEN_6": 1472}}
{"phase": "paired_games", "lifecycle": 8, "checkpoint": 12, "query": "risk_goal", "replica": 7, "scores": {"H2_ONLY": 15212, "MC": 15212, "MC_EXTRA": 15212, "V91_DECOMPOSED": 14412, "V92_CORRECTED": 15212, "MC_TAIL": 15212, "FQE": 14412, "MC_TAIL_FROZEN_6": 6712, "FQE_FROZEN_6": 14412}}
{"phase": "paired_games", "lifecycle": 3, "checkpoint": 12, "query": "risk_goal", "replica": 7, "scores": {"H2_ONLY": 7136, "MC": 7136, "MC_EXTRA": 6812, "V91_DECOMPOSED": 7184, "V92_CORRECTED": 7780, "MC_TAIL": 6812, "FQE": 7184, "MC_TAIL_FROZEN_6": 6696, "FQE_FROZEN_6": 7184}}
{"phase": "paired_games", "lifecycle": 7, "checkpoint": 12, "query": "reward", "replica": 8, "scores": {"H2_ONLY": 7140, "MC": 7140, "MC_EXTRA": 7336, "V91_DECOMPOSED": 7336, "V92_CORRECTED": 6848, "MC_TAIL": 7336, "FQE": 7344, "MC_TAIL_FROZEN_6": 6848, "FQE_FROZEN_6": 7140}}
{"phase": "paired_games", "lifecycle": 5, "checkpoint": 12, "query": "risk_goal", "replica": 5, "scores": {"H2_ONLY": 12588, "MC": 12148, "MC_EXTRA": 14864, "V91_DECOMPOSED": 6212, "V92_CORRECTED": 12148, "MC_TAIL": 14864, "FQE": 14864, "MC_TAIL_FROZEN_6": 14864, "FQE_FROZEN_6": 14864}}
{"phase": "paired_games", "lifecycle": 8, "checkpoint": 12, "query": "reward", "replica": 8, "scores": {"H2_ONLY": 11160, "MC": 6656, "MC_EXTRA": 6656, "V91_DECOMPOSED": 11160, "V92_CORRECTED": 6656, "MC_TAIL": 15876, "FQE": 11160, "MC_TAIL_FROZEN_6": 11160, "FQE_FROZEN_6": 5608}}
{"phase": "paired_games", "lifecycle": 4, "checkpoint": 12, "query": "reward", "replica": 7, "scores": {"H2_ONLY": 11384, "MC": 11384, "MC_EXTRA": 11384, "V91_DECOMPOSED": 14772, "V92_CORRECTED": 11384, "MC_TAIL": 14772, "FQE": 11384, "MC_TAIL_FROZEN_6": 20176, "FQE_FROZEN_6": 6884}}
{"phase": "paired_games", "lifecycle": 6, "checkpoint": 12, "query": "reward", "replica": 8, "scores": {"H2_ONLY": 14360, "MC": 12176, "MC_EXTRA": 12176, "V91_DECOMPOSED": 12176, "V92_CORRECTED": 12176, "MC_TAIL": 12248, "FQE": 14360, "MC_TAIL_FROZEN_6": 14360, "FQE_FROZEN_6": 12248}}
{"phase": "paired_games", "lifecycle": 7, "checkpoint": 12, "query": "risk_goal", "replica": 8, "scores": {"H2_ONLY": 7140, "MC": 7140, "MC_EXTRA": 7140, "V91_DECOMPOSED": 6876, "V92_CORRECTED": 7140, "MC_TAIL": 6876, "FQE": 7140, "MC_TAIL_FROZEN_6": 7348, "FQE_FROZEN_6": 7348}}
{"phase": "paired_games", "lifecycle": 5, "checkpoint": 12, "query": "reward", "replica": 6, "scores": {"H2_ONLY": 3280, "MC": 3280, "MC_EXTRA": 5336, "V91_DECOMPOSED": 5336, "V92_CORRECTED": 3280, "MC_TAIL": 6520, "FQE": 6520, "MC_TAIL_FROZEN_6": 5336, "FQE_FROZEN_6": 3280}}
{"phase": "paired_games", "lifecycle": 3, "checkpoint": 12, "query": "reward", "replica": 8, "scores": {"H2_ONLY": 6820, "MC": 12176, "MC_EXTRA": 12176, "V91_DECOMPOSED": 12176, "V92_CORRECTED": 12176, "MC_TAIL": 7248, "FQE": 20448, "MC_TAIL_FROZEN_6": 20448, "FQE_FROZEN_6": 12176}}
{"phase": "paired_games", "lifecycle": 4, "checkpoint": 12, "query": "risk_goal", "replica": 7, "scores": {"H2_ONLY": 12164, "MC": 3908, "MC_EXTRA": 3908, "V91_DECOMPOSED": 5768, "V92_CORRECTED": 5768, "MC_TAIL": 12164, "FQE": 14772, "MC_TAIL_FROZEN_6": 5768, "FQE_FROZEN_6": 6888}}
{"phase": "paired_games", "lifecycle": 7, "checkpoint": 12, "query": "reward", "replica": 9, "scores": {"H2_ONLY": 6456, "MC": 6456, "MC_EXTRA": 6456, "V91_DECOMPOSED": 7252, "V92_CORRECTED": 6456, "MC_TAIL": 6456, "FQE": 6456, "MC_TAIL_FROZEN_6": 7252, "FQE_FROZEN_6": 6456}}
{"phase": "paired_games", "lifecycle": 8, "checkpoint": 12, "query": "risk_goal", "replica": 8, "scores": {"H2_ONLY": 11160, "MC": 12052, "MC_EXTRA": 11160, "V91_DECOMPOSED": 5608, "V92_CORRECTED": 12052, "MC_TAIL": 5608, "FQE": 5608, "MC_TAIL_FROZEN_6": 12052, "FQE_FROZEN_6": 11160}}
{"phase": "paired_games", "lifecycle": 5, "checkpoint": 12, "query": "risk_goal", "replica": 6, "scores": {"H2_ONLY": 3280, "MC": 5336, "MC_EXTRA": 6520, "V91_DECOMPOSED": 6520, "V92_CORRECTED": 5336, "MC_TAIL": 3280, "FQE": 3280, "MC_TAIL_FROZEN_6": 3280, "FQE_FROZEN_6": 3280}}
{"phase": "paired_games", "lifecycle": 6, "checkpoint": 12, "query": "risk_goal", "replica": 8, "scores": {"H2_ONLY": 14360, "MC": 14360, "MC_EXTRA": 14360, "V91_DECOMPOSED": 14360, "V92_CORRECTED": 14360, "MC_TAIL": 14360, "FQE": 7104, "MC_TAIL_FROZEN_6": 14360, "FQE_FROZEN_6": 12488}}
{"phase": "paired_games", "lifecycle": 4, "checkpoint": 12, "query": "reward", "replica": 8, "scores": {"H2_ONLY": 3200, "MC": 3200, "MC_EXTRA": 3200, "V91_DECOMPOSED": 3200, "V92_CORRECTED": 3200, "MC_TAIL": 14256, "FQE": 3200, "MC_TAIL_FROZEN_6": 1460, "FQE_FROZEN_6": 12288}}
{"phase": "paired_games", "lifecycle": 3, "checkpoint": 12, "query": "risk_goal", "replica": 8, "scores": {"H2_ONLY": 6820, "MC": 7140, "MC_EXTRA": 7140, "V91_DECOMPOSED": 11852, "V92_CORRECTED": 7140, "MC_TAIL": 11852, "FQE": 7140, "MC_TAIL_FROZEN_6": 11980, "FQE_FROZEN_6": 11980}}
{"phase": "paired_games", "lifecycle": 8, "checkpoint": 12, "query": "reward", "replica": 9, "scores": {"H2_ONLY": 7080, "MC": 7164, "MC_EXTRA": 7164, "V91_DECOMPOSED": 2392, "V92_CORRECTED": 7164, "MC_TAIL": 7176, "FQE": 2392, "MC_TAIL_FROZEN_6": 7080, "FQE_FROZEN_6": 7080}}
{"phase": "paired_games", "lifecycle": 5, "checkpoint": 12, "query": "reward", "replica": 7, "scores": {"H2_ONLY": 12884, "MC": 5520, "MC_EXTRA": 7492, "V91_DECOMPOSED": 7492, "V92_CORRECTED": 5520, "MC_TAIL": 6924, "FQE": 6924, "MC_TAIL_FROZEN_6": 7492, "FQE_FROZEN_6": 7492}}
{"phase": "paired_games", "lifecycle": 7, "checkpoint": 12, "query": "risk_goal", "replica": 9, "scores": {"H2_ONLY": 7364, "MC": 7364, "MC_EXTRA": 7364, "V91_DECOMPOSED": 7252, "V92_CORRECTED": 7364, "MC_TAIL": 6908, "FQE": 12220, "MC_TAIL_FROZEN_6": 7252, "FQE_FROZEN_6": 12220}}
{"phase": "paired_games", "lifecycle": 3, "checkpoint": 12, "query": "reward", "replica": 9, "scores": {"H2_ONLY": 7196, "MC": 2940, "MC_EXTRA": 2940, "V91_DECOMPOSED": 7196, "V92_CORRECTED": 2940, "MC_TAIL": 12112, "FQE": 7196, "MC_TAIL_FROZEN_6": 7156, "FQE_FROZEN_6": 2940}}
{"phase": "paired_games", "lifecycle": 6, "checkpoint": 12, "query": "reward", "replica": 9, "scores": {"H2_ONLY": 14296, "MC": 6892, "MC_EXTRA": 6892, "V91_DECOMPOSED": 14296, "V92_CORRECTED": 6892, "MC_TAIL": 7272, "FQE": 14296, "MC_TAIL_FROZEN_6": 7236, "FQE_FROZEN_6": 7272}}
{"phase": "paired_games", "lifecycle": 4, "checkpoint": 12, "query": "risk_goal", "replica": 8, "scores": {"H2_ONLY": 3220, "MC": 20204, "MC_EXTRA": 20204, "V91_DECOMPOSED": 1460, "V92_CORRECTED": 1460, "MC_TAIL": 3220, "FQE": 12132, "MC_TAIL_FROZEN_6": 1460, "FQE_FROZEN_6": 12332}}
{"phase": "paired_games", "lifecycle": 7, "checkpoint": 12, "query": "reward", "replica": 10, "scores": {"H2_ONLY": 7848, "MC": 7420, "MC_EXTRA": 7336, "V91_DECOMPOSED": 7420, "V92_CORRECTED": 7420, "MC_TAIL": 7420, "FQE": 7004, "MC_TAIL_FROZEN_6": 5576, "FQE_FROZEN_6": 7848}}
{"phase": "paired_games", "lifecycle": 8, "checkpoint": 12, "query": "risk_goal", "replica": 9, "scores": {"H2_ONLY": 12168, "MC": 7280, "MC_EXTRA": 12168, "V91_DECOMPOSED": 7840, "V92_CORRECTED": 7280, "MC_TAIL": 7840, "FQE": 7840, "MC_TAIL_FROZEN_6": 7280, "FQE_FROZEN_6": 12168}}
{"phase": "paired_games", "lifecycle": 5, "checkpoint": 12, "query": "risk_goal", "replica": 7, "scores": {"H2_ONLY": 12896, "MC": 7244, "MC_EXTRA": 5800, "V91_DECOMPOSED": 7692, "V92_CORRECTED": 7692, "MC_TAIL": 5800, "FQE": 5800, "MC_TAIL_FROZEN_6": 12896, "FQE_FROZEN_6": 12896}}
{"phase": "paired_games", "lifecycle": 4, "checkpoint": 12, "query": "reward", "replica": 9, "scores": {"H2_ONLY": 3076, "MC": 3076, "MC_EXTRA": 3076, "V91_DECOMPOSED": 3236, "V92_CORRECTED": 3076, "MC_TAIL": 15944, "FQE": 3076, "MC_TAIL_FROZEN_6": 3076, "FQE_FROZEN_6": 5428}}
{"phase": "paired_games", "lifecycle": 3, "checkpoint": 12, "query": "risk_goal", "replica": 9, "scores": {"H2_ONLY": 7196, "MC": 12112, "MC_EXTRA": 7176, "V91_DECOMPOSED": 7196, "V92_CORRECTED": 12112, "MC_TAIL": 7156, "FQE": 7196, "MC_TAIL_FROZEN_6": 12112, "FQE_FROZEN_6": 12112}}
{"phase": "paired_games", "lifecycle": 8, "checkpoint": 12, "query": "reward", "replica": 10, "scores": {"H2_ONLY": 7184, "MC": 7144, "MC_EXTRA": 6504, "V91_DECOMPOSED": 7184, "V92_CORRECTED": 6504, "MC_TAIL": 7144, "FQE": 7184, "MC_TAIL_FROZEN_6": 7184, "FQE_FROZEN_6": 7184}}
{"phase": "paired_games", "lifecycle": 6, "checkpoint": 12, "query": "risk_goal", "replica": 9, "scores": {"H2_ONLY": 14464, "MC": 14464, "MC_EXTRA": 14464, "V91_DECOMPOSED": 14464, "V92_CORRECTED": 14464, "MC_TAIL": 7236, "FQE": 14464, "MC_TAIL_FROZEN_6": 7236, "FQE_FROZEN_6": 14464}}
{"phase": "paired_games", "lifecycle": 4, "checkpoint": 12, "query": "risk_goal", "replica": 9, "scores": {"H2_ONLY": 3076, "MC": 15944, "MC_EXTRA": 15944, "V91_DECOMPOSED": 3076, "V92_CORRECTED": 3076, "MC_TAIL": 3076, "FQE": 3492, "MC_TAIL_FROZEN_6": 3076, "FQE_FROZEN_6": 5492}}
{"phase": "paired_games", "lifecycle": 5, "checkpoint": 12, "query": "reward", "replica": 8, "scores": {"H2_ONLY": 6548, "MC": 6548, "MC_EXTRA": 6548, "V91_DECOMPOSED": 6548, "V92_CORRECTED": 6548, "MC_TAIL": 7160, "FQE": 7160, "MC_TAIL_FROZEN_6": 7160, "FQE_FROZEN_6": 7160}}
{"phase": "paired_games", "lifecycle": 7, "checkpoint": 12, "query": "risk_goal", "replica": 10, "scores": {"H2_ONLY": 1776, "MC": 15372, "MC_EXTRA": 1776, "V91_DECOMPOSED": 15372, "V92_CORRECTED": 15372, "MC_TAIL": 15372, "FQE": 15372, "MC_TAIL_FROZEN_6": 7212, "FQE_FROZEN_6": 7212}}
{"phase": "paired_games", "lifecycle": 3, "checkpoint": 12, "query": "reward", "replica": 10, "scores": {"H2_ONLY": 12364, "MC": 12364, "MC_EXTRA": 15412, "V91_DECOMPOSED": 12364, "V92_CORRECTED": 15412, "MC_TAIL": 15412, "FQE": 12364, "MC_TAIL_FROZEN_6": 14380, "FQE_FROZEN_6": 7228}}
{"phase": "paired_games", "lifecycle": 5, "checkpoint": 12, "query": "risk_goal", "replica": 8, "scores": {"H2_ONLY": 7208, "MC": 7160, "MC_EXTRA": 7160, "V91_DECOMPOSED": 7160, "V92_CORRECTED": 7160, "MC_TAIL": 7160, "FQE": 7160, "MC_TAIL_FROZEN_6": 7160, "FQE_FROZEN_6": 7160}}
{"phase": "paired_games", "lifecycle": 4, "checkpoint": 12, "query": "reward", "replica": 10, "scores": {"H2_ONLY": 16720, "MC": 3112, "MC_EXTRA": 3112, "V91_DECOMPOSED": 3112, "V92_CORRECTED": 3112, "MC_TAIL": 16720, "FQE": 3112, "MC_TAIL_FROZEN_6": 16720, "FQE_FROZEN_6": 3112}}
{"phase": "paired_games", "lifecycle": 8, "checkpoint": 12, "query": "risk_goal", "replica": 10, "scores": {"H2_ONLY": 14372, "MC": 7208, "MC_EXTRA": 14372, "V91_DECOMPOSED": 7056, "V92_CORRECTED": 7208, "MC_TAIL": 6460, "FQE": 7056, "MC_TAIL_FROZEN_6": 7056, "FQE_FROZEN_6": 14372}}
{"phase": "paired_games", "lifecycle": 6, "checkpoint": 12, "query": "reward", "replica": 10, "scores": {"H2_ONLY": 14016, "MC": 7140, "MC_EXTRA": 14016, "V91_DECOMPOSED": 14016, "V92_CORRECTED": 7140, "MC_TAIL": 14688, "FQE": 14688, "MC_TAIL_FROZEN_6": 14016, "FQE_FROZEN_6": 14688}}
{"phase": "paired_games", "lifecycle": 7, "checkpoint": 12, "query": "reward", "replica": 11, "scores": {"H2_ONLY": 14840, "MC": 14840, "MC_EXTRA": 14840, "V91_DECOMPOSED": 6488, "V92_CORRECTED": 14840, "MC_TAIL": 14840, "FQE": 14840, "MC_TAIL_FROZEN_6": 6488, "FQE_FROZEN_6": 14840}}
{"phase": "paired_games", "lifecycle": 3, "checkpoint": 12, "query": "risk_goal", "replica": 10, "scores": {"H2_ONLY": 7332, "MC": 7228, "MC_EXTRA": 7228, "V91_DECOMPOSED": 15412, "V92_CORRECTED": 7228, "MC_TAIL": 7332, "FQE": 7228, "MC_TAIL_FROZEN_6": 15412, "FQE_FROZEN_6": 7228}}
{"phase": "paired_games", "lifecycle": 5, "checkpoint": 12, "query": "reward", "replica": 9, "scores": {"H2_ONLY": 7236, "MC": 7364, "MC_EXTRA": 14364, "V91_DECOMPOSED": 7236, "V92_CORRECTED": 7364, "MC_TAIL": 7236, "FQE": 11372, "MC_TAIL_FROZEN_6": 14364, "FQE_FROZEN_6": 14364}}
{"phase": "paired_games", "lifecycle": 4, "checkpoint": 12, "query": "risk_goal", "replica": 10, "scores": {"H2_ONLY": 20468, "MC": 5408, "MC_EXTRA": 20468, "V91_DECOMPOSED": 20468, "V92_CORRECTED": 20468, "MC_TAIL": 20468, "FQE": 5408, "MC_TAIL_FROZEN_6": 20468, "FQE_FROZEN_6": 14352}}
{"phase": "paired_games", "lifecycle": 8, "checkpoint": 12, "query": "reward", "replica": 11, "scores": {"H2_ONLY": 15904, "MC": 14764, "MC_EXTRA": 14764, "V91_DECOMPOSED": 12380, "V92_CORRECTED": 14764, "MC_TAIL": 7100, "FQE": 15904, "MC_TAIL_FROZEN_6": 15904, "FQE_FROZEN_6": 12380}}
{"phase": "paired_games", "lifecycle": 6, "checkpoint": 12, "query": "risk_goal", "replica": 10, "scores": {"H2_ONLY": 8588, "MC": 12512, "MC_EXTRA": 8588, "V91_DECOMPOSED": 12512, "V92_CORRECTED": 12512, "MC_TAIL": 14200, "FQE": 7140, "MC_TAIL_FROZEN_6": 7140, "FQE_FROZEN_6": 14200}}
{"phase": "paired_games", "lifecycle": 3, "checkpoint": 12, "query": "reward", "replica": 11, "scores": {"H2_ONLY": 5468, "MC": 7248, "MC_EXTRA": 7248, "V91_DECOMPOSED": 7248, "V92_CORRECTED": 7248, "MC_TAIL": 3848, "FQE": 7424, "MC_TAIL_FROZEN_6": 5468, "FQE_FROZEN_6": 7248}}
{"phase": "paired_games", "lifecycle": 7, "checkpoint": 12, "query": "risk_goal", "replica": 11, "scores": {"H2_ONLY": 14844, "MC": 14844, "MC_EXTRA": 14844, "V91_DECOMPOSED": 7336, "V92_CORRECTED": 14844, "MC_TAIL": 7336, "FQE": 14844, "MC_TAIL_FROZEN_6": 15984, "FQE_FROZEN_6": 15984}}
{"phase": "paired_games", "lifecycle": 5, "checkpoint": 12, "query": "risk_goal", "replica": 9, "scores": {"H2_ONLY": 7500, "MC": 7500, "MC_EXTRA": 7500, "V91_DECOMPOSED": 7436, "V92_CORRECTED": 7500, "MC_TAIL": 14508, "FQE": 14508, "MC_TAIL_FROZEN_6": 14508, "FQE_FROZEN_6": 14508}}
{"phase": "paired_games", "lifecycle": 6, "checkpoint": 12, "query": "reward", "replica": 11, "scores": {"H2_ONLY": 10488, "MC": 7112, "MC_EXTRA": 10488, "V91_DECOMPOSED": 7112, "V92_CORRECTED": 7112, "MC_TAIL": 3604, "FQE": 10488, "MC_TAIL_FROZEN_6": 10488, "FQE_FROZEN_6": 7856}}
{"phase": "paired_games", "lifecycle": 8, "checkpoint": 12, "query": "risk_goal", "replica": 11, "scores": {"H2_ONLY": 15904, "MC": 7100, "MC_EXTRA": 7100, "V91_DECOMPOSED": 14036, "V92_CORRECTED": 7100, "MC_TAIL": 14036, "FQE": 14036, "MC_TAIL_FROZEN_6": 7100, "FQE_FROZEN_6": 14036}}
{"phase": "paired_games", "lifecycle": 3, "checkpoint": 12, "query": "risk_goal", "replica": 11, "scores": {"H2_ONLY": 5468, "MC": 5468, "MC_EXTRA": 5468, "V91_DECOMPOSED": 4032, "V92_CORRECTED": 5468, "MC_TAIL": 7424, "FQE": 7204, "MC_TAIL_FROZEN_6": 4032, "FQE_FROZEN_6": 4032}}
{"phase": "paired_games", "lifecycle": 4, "checkpoint": 12, "query": "reward", "replica": 11, "scores": {"H2_ONLY": 3620, "MC": 17320, "MC_EXTRA": 11712, "V91_DECOMPOSED": 12124, "V92_CORRECTED": 11712, "MC_TAIL": 12124, "FQE": 11712, "MC_TAIL_FROZEN_6": 17320, "FQE_FROZEN_6": 11712}}
{"phase": "paired_games", "lifecycle": 7, "checkpoint": 12, "query": "reward", "replica": 12, "scores": {"H2_ONLY": 11896, "MC": 11896, "MC_EXTRA": 3304, "V91_DECOMPOSED": 3304, "V92_CORRECTED": 11896, "MC_TAIL": 3304, "FQE": 11896, "MC_TAIL_FROZEN_6": 11896, "FQE_FROZEN_6": 11896}}
{"phase": "paired_games", "lifecycle": 5, "checkpoint": 12, "query": "reward", "replica": 10, "scores": {"H2_ONLY": 7092, "MC": 12096, "MC_EXTRA": 6748, "V91_DECOMPOSED": 7092, "V92_CORRECTED": 12096, "MC_TAIL": 7080, "FQE": 7080, "MC_TAIL_FROZEN_6": 6748, "FQE_FROZEN_6": 7080}}
{"phase": "paired_games", "lifecycle": 6, "checkpoint": 12, "query": "risk_goal", "replica": 11, "scores": {"H2_ONLY": 10488, "MC": 10488, "MC_EXTRA": 10488, "V91_DECOMPOSED": 10488, "V92_CORRECTED": 10488, "MC_TAIL": 10488, "FQE": 7112, "MC_TAIL_FROZEN_6": 7112, "FQE_FROZEN_6": 5756}}
{"phase": "paired_games", "lifecycle": 8, "checkpoint": 12, "query": "reward", "replica": 12, "scores": {"H2_ONLY": 7116, "MC": 10524, "MC_EXTRA": 11772, "V91_DECOMPOSED": 7116, "V92_CORRECTED": 11772, "MC_TAIL": 11772, "FQE": 7116, "MC_TAIL_FROZEN_6": 7116, "FQE_FROZEN_6": 7116}}
{"phase": "paired_games", "lifecycle": 3, "checkpoint": 12, "query": "reward", "replica": 12, "scores": {"H2_ONLY": 7384, "MC": 16660, "MC_EXTRA": 16660, "V91_DECOMPOSED": 7384, "V92_CORRECTED": 16660, "MC_TAIL": 7108, "FQE": 7108, "MC_TAIL_FROZEN_6": 7384, "FQE_FROZEN_6": 7108}}
{"phase": "paired_games", "lifecycle": 5, "checkpoint": 12, "query": "risk_goal", "replica": 10, "scores": {"H2_ONLY": 7168, "MC": 7168, "MC_EXTRA": 7168, "V91_DECOMPOSED": 12276, "V92_CORRECTED": 7168, "MC_TAIL": 7144, "FQE": 7144, "MC_TAIL_FROZEN_6": 7144, "FQE_FROZEN_6": 7144}}
{"phase": "paired_games", "lifecycle": 4, "checkpoint": 12, "query": "risk_goal", "replica": 11, "scores": {"H2_ONLY": 11444, "MC": 17356, "MC_EXTRA": 17356, "V91_DECOMPOSED": 5492, "V92_CORRECTED": 13656, "MC_TAIL": 13656, "FQE": 5492, "MC_TAIL_FROZEN_6": 17356, "FQE_FROZEN_6": 13656}}
{"phase": "paired_games", "lifecycle": 7, "checkpoint": 12, "query": "risk_goal", "replica": 12, "scores": {"H2_ONLY": 12288, "MC": 12288, "MC_EXTRA": 12288, "V91_DECOMPOSED": 12288, "V92_CORRECTED": 12288, "MC_TAIL": 12288, "FQE": 12288, "MC_TAIL_FROZEN_6": 3304, "FQE_FROZEN_6": 5788}}
{"phase": "paired_games", "lifecycle": 6, "checkpoint": 12, "query": "reward", "replica": 12, "scores": {"H2_ONLY": 7356, "MC": 7356, "MC_EXTRA": 11504, "V91_DECOMPOSED": 7356, "V92_CORRECTED": 7356, "MC_TAIL": 3208, "FQE": 3440, "MC_TAIL_FROZEN_6": 3440, "FQE_FROZEN_6": 11504}}
{"phase": "paired_games", "lifecycle": 5, "checkpoint": 12, "query": "reward", "replica": 11, "scores": {"H2_ONLY": 3364, "MC": 7084, "MC_EXTRA": 7084, "V91_DECOMPOSED": 3364, "V92_CORRECTED": 7084, "MC_TAIL": 7436, "FQE": 7084, "MC_TAIL_FROZEN_6": 7436, "FQE_FROZEN_6": 7436}}
{"phase": "paired_games", "lifecycle": 8, "checkpoint": 12, "query": "risk_goal", "replica": 12, "scores": {"H2_ONLY": 7100, "MC": 7100, "MC_EXTRA": 7100, "V91_DECOMPOSED": 14412, "V92_CORRECTED": 7100, "MC_TAIL": 10524, "FQE": 14412, "MC_TAIL_FROZEN_6": 12056, "FQE_FROZEN_6": 14412}}
{"phase": "paired_games", "lifecycle": 4, "checkpoint": 12, "query": "reward", "replica": 12, "scores": {"H2_ONLY": 14596, "MC": 7088, "MC_EXTRA": 7088, "V91_DECOMPOSED": 7088, "V92_CORRECTED": 7088, "MC_TAIL": 14596, "FQE": 14596, "MC_TAIL_FROZEN_6": 7056, "FQE_FROZEN_6": 7088}}
{"phase": "paired_games", "lifecycle": 3, "checkpoint": 12, "query": "risk_goal", "replica": 12, "scores": {"H2_ONLY": 7396, "MC": 7396, "MC_EXTRA": 7396, "V91_DECOMPOSED": 16604, "V92_CORRECTED": 14424, "MC_TAIL": 14424, "FQE": 7396, "MC_TAIL_FROZEN_6": 16604, "FQE_FROZEN_6": 14424}}
{"phase": "paired_games", "lifecycle": 5, "checkpoint": 12, "query": "risk_goal", "replica": 11, "scores": {"H2_ONLY": 3364, "MC": 3364, "MC_EXTRA": 3364, "V91_DECOMPOSED": 7128, "V92_CORRECTED": 3364, "MC_TAIL": 7548, "FQE": 7548, "MC_TAIL_FROZEN_6": 7548, "FQE_FROZEN_6": 7548}}
{"phase": "paired_games", "lifecycle": 7, "checkpoint": 12, "query": "reward", "replica": 13, "scores": {"H2_ONLY": 6296, "MC": 16032, "MC_EXTRA": 16032, "V91_DECOMPOSED": 15688, "V92_CORRECTED": 16032, "MC_TAIL": 6296, "FQE": 16032, "MC_TAIL_FROZEN_6": 16032, "FQE_FROZEN_6": 6296}}
{"phase": "paired_games", "lifecycle": 6, "checkpoint": 12, "query": "risk_goal", "replica": 12, "scores": {"H2_ONLY": 14444, "MC": 11548, "MC_EXTRA": 16352, "V91_DECOMPOSED": 5440, "V92_CORRECTED": 11548, "MC_TAIL": 5440, "FQE": 14444, "MC_TAIL_FROZEN_6": 5440, "FQE_FROZEN_6": 14444}}
{"phase": "paired_games", "lifecycle": 4, "checkpoint": 12, "query": "risk_goal", "replica": 12, "scores": {"H2_ONLY": 11912, "MC": 7088, "MC_EXTRA": 7088, "V91_DECOMPOSED": 7076, "V92_CORRECTED": 7088, "MC_TAIL": 7076, "FQE": 12348, "MC_TAIL_FROZEN_6": 7120, "FQE_FROZEN_6": 7088}}
{"phase": "paired_games", "lifecycle": 8, "checkpoint": 12, "query": "reward", "replica": 13, "scores": {"H2_ONLY": 12804, "MC": 12804, "MC_EXTRA": 12804, "V91_DECOMPOSED": 7256, "V92_CORRECTED": 12804, "MC_TAIL": 7220, "FQE": 7256, "MC_TAIL_FROZEN_6": 12804, "FQE_FROZEN_6": 12804}}
{"phase": "paired_games", "lifecycle": 3, "checkpoint": 12, "query": "reward", "replica": 13, "scores": {"H2_ONLY": 7440, "MC": 7148, "MC_EXTRA": 12144, "V91_DECOMPOSED": 7148, "V92_CORRECTED": 7148, "MC_TAIL": 7148, "FQE": 12144, "MC_TAIL_FROZEN_6": 12144, "FQE_FROZEN_6": 5588}}
{"phase": "paired_games", "lifecycle": 6, "checkpoint": 12, "query": "reward", "replica": 13, "scores": {"H2_ONLY": 5336, "MC": 12132, "MC_EXTRA": 7272, "V91_DECOMPOSED": 5336, "V92_CORRECTED": 12132, "MC_TAIL": 5336, "FQE": 7272, "MC_TAIL_FROZEN_6": 12132, "FQE_FROZEN_6": 7160}}
{"phase": "paired_games", "lifecycle": 5, "checkpoint": 12, "query": "reward", "replica": 12, "scores": {"H2_ONLY": 12212, "MC": 12212, "MC_EXTRA": 7108, "V91_DECOMPOSED": 7124, "V92_CORRECTED": 7108, "MC_TAIL": 16092, "FQE": 7108, "MC_TAIL_FROZEN_6": 16092, "FQE_FROZEN_6": 7124}}
{"phase": "paired_games", "lifecycle": 7, "checkpoint": 12, "query": "risk_goal", "replica": 13, "scores": {"H2_ONLY": 12248, "MC": 12248, "MC_EXTRA": 12248, "V91_DECOMPOSED": 11432, "V92_CORRECTED": 12248, "MC_TAIL": 11432, "FQE": 6344, "MC_TAIL_FROZEN_6": 15956, "FQE_FROZEN_6": 6344}}
{"phase": "paired_games", "lifecycle": 8, "checkpoint": 12, "query": "risk_goal", "replica": 13, "scores": {"H2_ONLY": 12804, "MC": 7228, "MC_EXTRA": 12804, "V91_DECOMPOSED": 3320, "V92_CORRECTED": 7228, "MC_TAIL": 3320, "FQE": 3320, "MC_TAIL_FROZEN_6": 7228, "FQE_FROZEN_6": 12804}}
{"phase": "paired_games", "lifecycle": 4, "checkpoint": 12, "query": "reward", "replica": 13, "scores": {"H2_ONLY": 7052, "MC": 11384, "MC_EXTRA": 11384, "V91_DECOMPOSED": 11384, "V92_CORRECTED": 11384, "MC_TAIL": 5508, "FQE": 11384, "MC_TAIL_FROZEN_6": 12108, "FQE_FROZEN_6": 11384}}
{"phase": "paired_games", "lifecycle": 3, "checkpoint": 12, "query": "risk_goal", "replica": 13, "scores": {"H2_ONLY": 12516, "MC": 12516, "MC_EXTRA": 12516, "V91_DECOMPOSED": 15616, "V92_CORRECTED": 12516, "MC_TAIL": 15616, "FQE": 12516, "MC_TAIL_FROZEN_6": 15616, "FQE_FROZEN_6": 5588}}
{"phase": "paired_games", "lifecycle": 8, "checkpoint": 12, "query": "reward", "replica": 14, "scores": {"H2_ONLY": 5380, "MC": 3252, "MC_EXTRA": 7460, "V91_DECOMPOSED": 5580, "V92_CORRECTED": 7460, "MC_TAIL": 7460, "FQE": 5380, "MC_TAIL_FROZEN_6": 5380, "FQE_FROZEN_6": 5380}}
{"phase": "paired_games", "lifecycle": 6, "checkpoint": 12, "query": "risk_goal", "replica": 13, "scores": {"H2_ONLY": 5336, "MC": 15416, "MC_EXTRA": 12132, "V91_DECOMPOSED": 15416, "V92_CORRECTED": 15416, "MC_TAIL": 12132, "FQE": 5336, "MC_TAIL_FROZEN_6": 8384, "FQE_FROZEN_6": 5336}}
{"phase": "paired_games", "lifecycle": 7, "checkpoint": 12, "query": "reward", "replica": 14, "scores": {"H2_ONLY": 11124, "MC": 11124, "MC_EXTRA": 7508, "V91_DECOMPOSED": 11472, "V92_CORRECTED": 11124, "MC_TAIL": 11124, "FQE": 7508, "MC_TAIL_FROZEN_6": 7508, "FQE_FROZEN_6": 11124}}
{"phase": "paired_games", "lifecycle": 5, "checkpoint": 12, "query": "risk_goal", "replica": 12, "scores": {"H2_ONLY": 11372, "MC": 11372, "MC_EXTRA": 11372, "V91_DECOMPOSED": 7184, "V92_CORRECTED": 11372, "MC_TAIL": 16912, "FQE": 16912, "MC_TAIL_FROZEN_6": 16912, "FQE_FROZEN_6": 16912}}
{"phase": "paired_games", "lifecycle": 4, "checkpoint": 12, "query": "risk_goal", "replica": 13, "scores": {"H2_ONLY": 7052, "MC": 7052, "MC_EXTRA": 7052, "V91_DECOMPOSED": 10588, "V92_CORRECTED": 7052, "MC_TAIL": 7052, "FQE": 11384, "MC_TAIL_FROZEN_6": 10588, "FQE_FROZEN_6": 11384}}
{"phase": "paired_games", "lifecycle": 8, "checkpoint": 12, "query": "risk_goal", "replica": 14, "scores": {"H2_ONLY": 5380, "MC": 7512, "MC_EXTRA": 5380, "V91_DECOMPOSED": 5580, "V92_CORRECTED": 7512, "MC_TAIL": 7512, "FQE": 5580, "MC_TAIL_FROZEN_6": 7512, "FQE_FROZEN_6": 5380}}
{"phase": "paired_games", "lifecycle": 3, "checkpoint": 12, "query": "reward", "replica": 14, "scores": {"H2_ONLY": 7084, "MC": 7260, "MC_EXTRA": 7260, "V91_DECOMPOSED": 7084, "V92_CORRECTED": 7260, "MC_TAIL": 7260, "FQE": 7084, "MC_TAIL_FROZEN_6": 7084, "FQE_FROZEN_6": 6936}}
{"phase": "paired_games", "lifecycle": 7, "checkpoint": 12, "query": "risk_goal", "replica": 14, "scores": {"H2_ONLY": 7108, "MC": 7108, "MC_EXTRA": 7108, "V91_DECOMPOSED": 7108, "V92_CORRECTED": 7108, "MC_TAIL": 7108, "FQE": 6428, "MC_TAIL_FROZEN_6": 7544, "FQE_FROZEN_6": 6428}}
{"phase": "paired_games", "lifecycle": 6, "checkpoint": 12, "query": "reward", "replica": 14, "scores": {"H2_ONLY": 3512, "MC": 3512, "MC_EXTRA": 14716, "V91_DECOMPOSED": 7072, "V92_CORRECTED": 3512, "MC_TAIL": 12504, "FQE": 12268, "MC_TAIL_FROZEN_6": 12504, "FQE_FROZEN_6": 12268}}
{"phase": "paired_games", "lifecycle": 5, "checkpoint": 12, "query": "reward", "replica": 13, "scores": {"H2_ONLY": 7244, "MC": 7356, "MC_EXTRA": 3340, "V91_DECOMPOSED": 3340, "V92_CORRECTED": 11504, "MC_TAIL": 7356, "FQE": 11504, "MC_TAIL_FROZEN_6": 7356, "FQE_FROZEN_6": 7356}}
{"phase": "paired_games", "lifecycle": 4, "checkpoint": 12, "query": "reward", "replica": 14, "scores": {"H2_ONLY": 7016, "MC": 7016, "MC_EXTRA": 7436, "V91_DECOMPOSED": 7308, "V92_CORRECTED": 7436, "MC_TAIL": 7308, "FQE": 7436, "MC_TAIL_FROZEN_6": 7276, "FQE_FROZEN_6": 7436}}
{"phase": "paired_games", "lifecycle": 3, "checkpoint": 12, "query": "risk_goal", "replica": 14, "scores": {"H2_ONLY": 7456, "MC": 7456, "MC_EXTRA": 7456, "V91_DECOMPOSED": 8816, "V92_CORRECTED": 7456, "MC_TAIL": 7456, "FQE": 7456, "MC_TAIL_FROZEN_6": 8816, "FQE_FROZEN_6": 3284}}
{"phase": "paired_games", "lifecycle": 7, "checkpoint": 12, "query": "reward", "replica": 15, "scores": {"H2_ONLY": 7200, "MC": 7200, "MC_EXTRA": 7200, "V91_DECOMPOSED": 7200, "V92_CORRECTED": 7220, "MC_TAIL": 7200, "FQE": 7200, "MC_TAIL_FROZEN_6": 7200, "FQE_FROZEN_6": 7200}}
{"phase": "paired_games", "lifecycle": 8, "checkpoint": 12, "query": "reward", "replica": 15, "scores": {"H2_ONLY": 12172, "MC": 7984, "MC_EXTRA": 7984, "V91_DECOMPOSED": 14428, "V92_CORRECTED": 7984, "MC_TAIL": 12172, "FQE": 12172, "MC_TAIL_FROZEN_6": 12172, "FQE_FROZEN_6": 12172}}
{"phase": "paired_games", "lifecycle": 5, "checkpoint": 12, "query": "risk_goal", "replica": 13, "scores": {"H2_ONLY": 7288, "MC": 8932, "MC_EXTRA": 7356, "V91_DECOMPOSED": 3412, "V92_CORRECTED": 8932, "MC_TAIL": 7356, "FQE": 7356, "MC_TAIL_FROZEN_6": 7356, "FQE_FROZEN_6": 7356}}
{"phase": "paired_games", "lifecycle": 4, "checkpoint": 12, "query": "risk_goal", "replica": 14, "scores": {"H2_ONLY": 7260, "MC": 7260, "MC_EXTRA": 7260, "V91_DECOMPOSED": 6520, "V92_CORRECTED": 7400, "MC_TAIL": 7400, "FQE": 6520, "MC_TAIL_FROZEN_6": 7300, "FQE_FROZEN_6": 7400}}
{"phase": "paired_games", "lifecycle": 6, "checkpoint": 12, "query": "risk_goal", "replica": 14, "scores": {"H2_ONLY": 3512, "MC": 15776, "MC_EXTRA": 12500, "V91_DECOMPOSED": 14716, "V92_CORRECTED": 15776, "MC_TAIL": 7012, "FQE": 14716, "MC_TAIL_FROZEN_6": 14716, "FQE_FROZEN_6": 7012}}
{"phase": "paired_games", "lifecycle": 3, "checkpoint": 12, "query": "reward", "replica": 15, "scores": {"H2_ONLY": 7232, "MC": 7232, "MC_EXTRA": 7232, "V91_DECOMPOSED": 7232, "V92_CORRECTED": 7232, "MC_TAIL": 7420, "FQE": 7072, "MC_TAIL_FROZEN_6": 7072, "FQE_FROZEN_6": 7232}}
{"phase": "paired_games", "lifecycle": 7, "checkpoint": 12, "query": "risk_goal", "replica": 15, "scores": {"H2_ONLY": 7200, "MC": 7256, "MC_EXTRA": 7256, "V91_DECOMPOSED": 7256, "V92_CORRECTED": 7256, "MC_TAIL": 7256, "FQE": 7256, "MC_TAIL_FROZEN_6": 7200, "FQE_FROZEN_6": 7256}}
{"phase": "paired_games", "lifecycle": 5, "checkpoint": 12, "query": "reward", "replica": 14, "scores": {"H2_ONLY": 6784, "MC": 1928, "MC_EXTRA": 1928, "V91_DECOMPOSED": 6784, "V92_CORRECTED": 1928, "MC_TAIL": 11204, "FQE": 1928, "MC_TAIL_FROZEN_6": 11204, "FQE_FROZEN_6": 11204}}
{"phase": "paired_games", "lifecycle": 8, "checkpoint": 12, "query": "risk_goal", "replica": 15, "scores": {"H2_ONLY": 11396, "MC": 11396, "MC_EXTRA": 11396, "V91_DECOMPOSED": 7904, "V92_CORRECTED": 11396, "MC_TAIL": 11396, "FQE": 7904, "MC_TAIL_FROZEN_6": 11396, "FQE_FROZEN_6": 7904}}
{"phase": "paired_games", "lifecycle": 4, "checkpoint": 12, "query": "reward", "replica": 15, "scores": {"H2_ONLY": 12252, "MC": 12252, "MC_EXTRA": 12252, "V91_DECOMPOSED": 3096, "V92_CORRECTED": 12252, "MC_TAIL": 12252, "FQE": 12252, "MC_TAIL_FROZEN_6": 7060, "FQE_FROZEN_6": 7148}}
{"phase": "paired_games", "lifecycle": 3, "checkpoint": 12, "query": "risk_goal", "replica": 15, "scores": {"H2_ONLY": 7232, "MC": 7232, "MC_EXTRA": 7232, "V91_DECOMPOSED": 7144, "V92_CORRECTED": 7232, "MC_TAIL": 7232, "FQE": 7232, "MC_TAIL_FROZEN_6": 7420, "FQE_FROZEN_6": 7232}}
{"phase": "paired_games", "lifecycle": 6, "checkpoint": 12, "query": "reward", "replica": 15, "scores": {"H2_ONLY": 5604, "MC": 15728, "MC_EXTRA": 15728, "V91_DECOMPOSED": 7884, "V92_CORRECTED": 15728, "MC_TAIL": 5604, "FQE": 7420, "MC_TAIL_FROZEN_6": 7420, "FQE_FROZEN_6": 15728}}
{"phase": "paired_games", "lifecycle": 5, "checkpoint": 12, "query": "risk_goal", "replica": 14, "scores": {"H2_ONLY": 6784, "MC": 6784, "MC_EXTRA": 6784, "V91_DECOMPOSED": 1800, "V92_CORRECTED": 6784, "MC_TAIL": 11220, "FQE": 11220, "MC_TAIL_FROZEN_6": 11220, "FQE_FROZEN_6": 11220}}
{"phase": "paired_games", "lifecycle": 4, "checkpoint": 12, "query": "risk_goal", "replica": 15, "scores": {"H2_ONLY": 12248, "MC": 12248, "MC_EXTRA": 12248, "V91_DECOMPOSED": 7320, "V92_CORRECTED": 5816, "MC_TAIL": 12240, "FQE": 12240, "MC_TAIL_FROZEN_6": 7320, "FQE_FROZEN_6": 5816}}
{"phase": "paired_games", "lifecycle": 6, "checkpoint": 12, "query": "risk_goal", "replica": 15, "scores": {"H2_ONLY": 7180, "MC": 15752, "MC_EXTRA": 7180, "V91_DECOMPOSED": 15752, "V92_CORRECTED": 15752, "MC_TAIL": 7420, "FQE": 7180, "MC_TAIL_FROZEN_6": 7180, "FQE_FROZEN_6": 7148}}
{"phase": "paired_games", "lifecycle": 5, "checkpoint": 12, "query": "reward", "replica": 15, "scores": {"H2_ONLY": 12132, "MC": 12132, "MC_EXTRA": 12132, "V91_DECOMPOSED": 12132, "V92_CORRECTED": 12132, "MC_TAIL": 7112, "FQE": 12504, "MC_TAIL_FROZEN_6": 7112, "FQE_FROZEN_6": 12132}}
{"phase": "paired_games", "lifecycle": 5, "checkpoint": 12, "query": "risk_goal", "replica": 15, "scores": {"H2_ONLY": 12100, "MC": 16256, "MC_EXTRA": 16256, "V91_DECOMPOSED": 12100, "V92_CORRECTED": 16256, "MC_TAIL": 16256, "FQE": 16256, "MC_TAIL_FROZEN_6": 16256, "FQE_FROZEN_6": 16256}}
{"phase": "independent_reference", "lifecycle": 7, "query": "reward", "episode": 0, "complete": true, "transitions": 37747}
{"phase": "independent_reference", "lifecycle": 8, "query": "reward", "episode": 0, "complete": true, "transitions": 40613}
{"phase": "independent_reference", "lifecycle": 6, "query": "reward", "episode": 0, "complete": true, "transitions": 35958}
{"phase": "independent_reference", "lifecycle": 3, "query": "reward", "episode": 0, "complete": true, "transitions": 44316}
{"phase": "independent_reference", "lifecycle": 4, "query": "reward", "episode": 0, "complete": true, "transitions": 39872}
{"phase": "independent_reference", "lifecycle": 5, "query": "reward", "episode": 0, "complete": true, "transitions": 36699}
{"phase": "independent_reference", "lifecycle": 7, "query": "risk_goal", "episode": 0, "complete": true, "transitions": 42165}
{"phase": "independent_reference", "lifecycle": 8, "query": "risk_goal", "episode": 0, "complete": true, "transitions": 40868}
{"phase": "independent_reference", "lifecycle": 6, "query": "risk_goal", "episode": 0, "complete": true, "transitions": 39852}
{"phase": "independent_reference", "lifecycle": 4, "query": "risk_goal", "episode": 0, "complete": true, "transitions": 41838}
{"phase": "independent_reference", "lifecycle": 3, "query": "risk_goal", "episode": 0, "complete": true, "transitions": 43246}
{"phase": "independent_reference", "lifecycle": 5, "query": "risk_goal", "episode": 0, "complete": true, "transitions": 39909}
{"phase": "independent_reference", "lifecycle": 7, "query": "reward", "episode": 1, "complete": true, "transitions": 40870}
{"phase": "independent_reference", "lifecycle": 8, "query": "reward", "episode": 1, "complete": true, "transitions": 37685}
{"phase": "independent_reference", "lifecycle": 6, "query": "reward", "episode": 1, "complete": true, "transitions": 41734}
{"phase": "independent_reference", "lifecycle": 4, "query": "reward", "episode": 1, "complete": true, "transitions": 37468}
{"phase": "independent_reference", "lifecycle": 3, "query": "reward", "episode": 1, "complete": true, "transitions": 39573}
{"phase": "independent_reference", "lifecycle": 5, "query": "reward", "episode": 1, "complete": true, "transitions": 42577}
{"phase": "independent_reference", "lifecycle": 7, "query": "risk_goal", "episode": 1, "complete": true, "transitions": 39719}
{"phase": "independent_reference", "lifecycle": 8, "query": "risk_goal", "episode": 1, "complete": true, "transitions": 43985}
{"phase": "independent_reference", "lifecycle": 4, "query": "risk_goal", "episode": 1, "complete": true, "transitions": 41667}
{"phase": "independent_reference", "lifecycle": 3, "query": "risk_goal", "episode": 1, "complete": true, "transitions": 39654}
{"phase": "independent_reference", "lifecycle": 6, "query": "risk_goal", "episode": 1, "complete": true, "transitions": 44458}
{"phase": "independent_reference", "lifecycle": 5, "query": "risk_goal", "episode": 1, "complete": true, "transitions": 44968}
{"phase": "complete", "seconds": 542.8927473469521}
